-- please check 'create-database.sql' to see instructions how to setup the database

-- questions
insert into Election values('bc4c25b6-f1ae-45bc-b7ae-4b3fd10e9c29', 'Nationalratswahlen', current_timestamp, current_timestamp);
insert into QuestionSubject values('d3f718e8-29db-4274-8885-23a6c64e5da5', 'bc4c25b6-f1ae-45bc-b7ae-4b3fd10e9c29', 'Sozialstaat & Familie', current_timestamp, current_timestamp);
insert into Question values('a335650d-06b4-4e92-ba77-d5f8964ceb82', 'd3f718e8-29db-4274-8885-23a6c64e5da5', 'Befürworten Sie eine Erhöhung des Rentenalters (z.B. auf 67 Jahre)?', current_timestamp, current_timestamp);
insert into Question values('46df8b49-923c-4f91-8362-5196efbb71e2', 'd3f718e8-29db-4274-8885-23a6c64e5da5', 'Soll der Staat die Schaffung von familienergänzenden Betreuungsstrukturen finanziell stärker unterstützen?', current_timestamp, current_timestamp);
insert into Question values('5f277258-ba7b-492c-b451-673eaa5957c0', 'd3f718e8-29db-4274-8885-23a6c64e5da5', 'Eine Initiative fordert einen bezahlten Vaterschaftsurlaub von vier Wochen. Befürworten Sie dieses Anliegen?', current_timestamp, current_timestamp);
insert into Question values('007ebae0-31cb-40fb-93ad-c2f980caee14', 'd3f718e8-29db-4274-8885-23a6c64e5da5', 'Sollen die Renten der Pensionskasse durch eine Senkung des Umwandlungssatzes gekürzt und an die gestiegene Lebenserwartung angepasst werden?', current_timestamp, current_timestamp);
insert into Question values('8ae0f13d-e699-4617-a4ba-672e6ccc0edc', 'd3f718e8-29db-4274-8885-23a6c64e5da5', 'Befürworten Sie Bestrebungen in den Kantonen zur Senkung der Sozialhilfeleistungen?', current_timestamp, current_timestamp);
insert into Question values('dee756b8-f4f2-474a-88f4-e7f4fea7275a', 'd3f718e8-29db-4274-8885-23a6c64e5da5', 'Soll der Bund den gemeinnützigen Wohnungsbau verstärkt fördern?', current_timestamp, current_timestamp);
insert into QuestionSubject values('32fe8656-9e02-4a02-a8dc-fd68469b4195', 'bc4c25b6-f1ae-45bc-b7ae-4b3fd10e9c29', 'Gesundheitswesen', current_timestamp, current_timestamp);
insert into Question values('b8ec593e-93b8-4bab-95dd-cfff5c526d54', '32fe8656-9e02-4a02-a8dc-fd68469b4195', 'Sollen sich die Versicherten stärker an den Gesundheitskosten beteiligen (z.B. Erhöhung der Mindestfranchise)?', current_timestamp, current_timestamp);
insert into Question values('6f9db124-e0ae-409d-b943-5be0cbc836e5', '32fe8656-9e02-4a02-a8dc-fd68469b4195', 'Würden Sie die Einführung der Widerspruchslösung bei der Organspende befürworten?', current_timestamp, current_timestamp);
insert into Question values('616bf16a-470d-494e-ad8b-b230e80dafb3', '32fe8656-9e02-4a02-a8dc-fd68469b4195', 'Soll für Kinder eine Impfpflicht gemäss dem Schweizerischen Impfplan eingeführt werden?', current_timestamp, current_timestamp);
insert into Question values('6c05b44c-34de-48a4-8d3c-6015b268c456', '32fe8656-9e02-4a02-a8dc-fd68469b4195', 'Eine Initiative fordert, dass die Prämienverbilligung so ausgestaltet wird, dass niemand mehr als zehn Prozent des verfügbaren Einkommens für die Krankenkassenprämien aufwenden muss. Befürworten Sie dies?', current_timestamp, current_timestamp);
insert into Question values('3ac4a61c-f510-4d59-84cc-e957dbeedd8e', '32fe8656-9e02-4a02-a8dc-fd68469b4195', 'Eine Initiative möchte dem Bund mehr Kompetenzen geben, um Massnahmen zur Senkung der Gesundheitskosten zu ergreifen (Einführung einer Kostenbremse). Befürworten Sie dies?', current_timestamp, current_timestamp);
insert into QuestionSubject values('26e376c2-1528-4d1a-ad46-8d518cf26bb1', 'bc4c25b6-f1ae-45bc-b7ae-4b3fd10e9c29', 'Bildung', current_timestamp, current_timestamp);
insert into Question values('f4f5632d-00ae-4be2-aff8-c83da3c21519', '26e376c2-1528-4d1a-ad46-8d518cf26bb1', 'Soll sich der Staat stärker für gleiche Bildungschancen einsetzen (z.B. mit Nachhilfe-Gutscheinen für Schüler/-innen aus Familien mit geringem Einkommen)?', current_timestamp, current_timestamp);
insert into Question values('4917d24b-e50c-4fa9-ac12-37a0d298f41f', '26e376c2-1528-4d1a-ad46-8d518cf26bb1', 'Finden Sie es richtig, wenn Schulen Dispense aus religiösen Gründen für einzelne Fächer oder Veranstaltungen bewilligen (z.B. Sport- oder Sexualkundeunterricht)?', current_timestamp, current_timestamp);
insert into Question values('aee92954-3fab-449d-bc56-7ec47df873cb', '26e376c2-1528-4d1a-ad46-8d518cf26bb1', 'Soll der Bund die finanzielle Unterstützung für die berufliche Weiterbildung und Umschulung ausbauen?', current_timestamp, current_timestamp);
insert into Question values('19d57226-91df-4c5a-92f4-7b7d774ea8c4', '26e376c2-1528-4d1a-ad46-8d518cf26bb1', 'Gemäss dem Konzept der integrativen Schule werden Kinder mit Lernschwierigkeiten oder Behinderungen grundsätzlich in regulären Schulklassen unterrichtet. Befürworten Sie dies?', current_timestamp, current_timestamp);
insert into QuestionSubject values('2305a512-003e-4db6-9d1a-f77c29fb80d9', 'bc4c25b6-f1ae-45bc-b7ae-4b3fd10e9c29', 'Migration & Integration', current_timestamp, current_timestamp);
insert into Question values('81f2e7c9-6871-44e3-a432-b0fd050dd187', '2305a512-003e-4db6-9d1a-f77c29fb80d9', 'Sollen Ausländer/-innen, die seit mindestens zehn Jahren in der Schweiz leben, das Stimm- und Wahlrecht auf Gemeindeebene erhalten?', current_timestamp, current_timestamp);
insert into Question values('377a4b78-e58a-4d13-875f-817cd1693ece', '2305a512-003e-4db6-9d1a-f77c29fb80d9', 'Ist die Begrenzung der Einwanderung für Sie wichtiger als der Erhalt der Bilateralen Verträge mit der EU?', current_timestamp, current_timestamp);
insert into Question values('54e790a7-9741-408e-9327-3377df0e9b6e', '2305a512-003e-4db6-9d1a-f77c29fb80d9', 'Sollen Sans-Papiers einfacher einen geregelten Aufenthaltsstatus erhalten?', current_timestamp, current_timestamp);
insert into Question values('5dce5233-88d5-4b52-94de-6465ace4be98', '2305a512-003e-4db6-9d1a-f77c29fb80d9', 'Befürworten Sie eine weitere Verschärfung des Asylrechts?', current_timestamp, current_timestamp);
insert into Question values('63aa0cb7-202d-4c54-85ae-051e8249115d', '2305a512-003e-4db6-9d1a-f77c29fb80d9', 'Sollen die Anforderungen für Einbürgerungen erhöht werden?', current_timestamp, current_timestamp);
insert into Question values('fb59e236-0633-46ca-a8b5-c0d7596ee10e', '2305a512-003e-4db6-9d1a-f77c29fb80d9', 'Soll der Bund Ausländer/-innen bei der Integration stärker unterstützen?', current_timestamp, current_timestamp);
insert into QuestionSubject values('c1f61867-f5b8-4416-9eaf-fe07b6649dbc', 'bc4c25b6-f1ae-45bc-b7ae-4b3fd10e9c29', 'Gesellschaft & Ethik', current_timestamp, current_timestamp);
insert into Question values('154147b7-aff2-4ff1-89cf-fcd6616ca6d2', 'c1f61867-f5b8-4416-9eaf-fe07b6649dbc', 'Soll der Konsum von Cannabis legalisiert werden?', current_timestamp, current_timestamp);
insert into Question values('6e8b2868-8094-46d3-95be-2397eb9d5237', 'c1f61867-f5b8-4416-9eaf-fe07b6649dbc', 'Sollen gleichgeschlechtliche Paare in allen Bereichen die gleichen Rechte wie heterosexuelle Paare haben?', current_timestamp, current_timestamp);
insert into Question values('112cc8ee-b996-4b19-9192-9e82b92aae94', 'c1f61867-f5b8-4416-9eaf-fe07b6649dbc', 'Sollen die Regeln der Fortpflanzungsmedizin weiter gelockert werden?', current_timestamp, current_timestamp);
insert into Question values('60c4bebf-411f-456f-9eab-5afd98fde9c7', 'c1f61867-f5b8-4416-9eaf-fe07b6649dbc', 'Befürworten Sie eine strengere Kontrolle der Lohngleichheit von Frauen und Männern?', current_timestamp, current_timestamp);
insert into Question values('c393d2b5-6e50-4d7a-ad40-e112851e0711', 'c1f61867-f5b8-4416-9eaf-fe07b6649dbc', 'Würden Sie es befürworten, wenn in der Schweiz die direkte aktive Sterbehilfe durch eine/-n Arzt/Ärztin straffrei möglich wäre?', current_timestamp, current_timestamp);
insert into QuestionSubject values('2fa9b5e2-9a6f-4374-a405-d2cc12b16b34', 'bc4c25b6-f1ae-45bc-b7ae-4b3fd10e9c29', 'Finanzen & Steuern', current_timestamp, current_timestamp);
insert into Question values('38630605-5c28-4b5c-b042-93c43bf23ebc', '2fa9b5e2-9a6f-4374-a405-d2cc12b16b34', 'Haben für Sie Steuersenkungen auf Bundesebene in den nächsten vier Jahren Priorität?', current_timestamp, current_timestamp);
insert into Question values('cc721727-53e6-4b1c-9d85-c97c46b5422e', '2fa9b5e2-9a6f-4374-a405-d2cc12b16b34', 'Befürworten Sie eine weitergehende Reduktion der Beitragszahlungen finanzstarker Kantone an die finanzschwachen Kantone im Rahmen des Finanzausgleichs (NFA)?', current_timestamp, current_timestamp);
insert into Question values('ccb39a89-f63e-4537-90cd-e3186178ae1f', '2fa9b5e2-9a6f-4374-a405-d2cc12b16b34', 'Sollen Ehepaare getrennt als Einzelpersonen besteuert werden (Individualbesteuerung)?', current_timestamp, current_timestamp);
insert into Question values('b34bfec1-ee6c-46bc-9d52-99e90b59fe12', '2fa9b5e2-9a6f-4374-a405-d2cc12b16b34', 'Befürworten Sie eine Beschränkung des Wettbewerbs zwischen den Kantonen bei der Unternehmenssteuer?', current_timestamp, current_timestamp);
insert into QuestionSubject values('2517911d-1ede-4606-b767-bc855c3a096c', 'bc4c25b6-f1ae-45bc-b7ae-4b3fd10e9c29', 'Wirtschaft & Arbeit', current_timestamp, current_timestamp);
insert into Question values('6b7955fe-fb44-4b68-92b5-13aedcce4e76', '2517911d-1ede-4606-b767-bc855c3a096c', 'Sollen Privathaushalte ihren Stromanbieter frei wählen können (vollständige Liberalisierung des Strommarktes)?', current_timestamp, current_timestamp);
insert into Question values('204814c3-bf71-4b17-9727-c6d435976da6', '2517911d-1ede-4606-b767-bc855c3a096c', 'Befürworten Sie die Einführung eines für alle Arbeitnehmenden gültigen Mindestlohnes von CHF 4000 für eine Vollzeitstelle?', current_timestamp, current_timestamp);
insert into Question values('d118e4c3-08b7-4c8e-95de-81b8715b6f1d', '2517911d-1ede-4606-b767-bc855c3a096c', 'Sollen Schweizer Unternehmen durch die Einführung von Investitionskontrollen besser vor Übernahmen durch ausländische Käufer geschützt werden?', current_timestamp, current_timestamp);
insert into Question values('db255fa3-e68a-47b3-9651-a7cc95b33689', '2517911d-1ede-4606-b767-bc855c3a096c', 'Befürworten Sie eine vollständige Liberalisierung der Geschäftsöffnungszeiten?', current_timestamp, current_timestamp);
insert into Question values('42b30d8f-b8eb-46be-93ee-446f2d1d2706', '2517911d-1ede-4606-b767-bc855c3a096c', 'Soll der Kündigungsschutz für ältere Angestellte ausgebaut werden?', current_timestamp, current_timestamp);
insert into Question values('69126fb1-3e3f-4741-b6a4-91678103ccfe', '2517911d-1ede-4606-b767-bc855c3a096c', 'Soll der Bund das Service-Public-Angebot (z.B. ÖV-Verbindungen, Poststellen) in den ländlichen Regionen stärker fördern?', current_timestamp, current_timestamp);
insert into QuestionSubject values('038bd0b4-9531-419d-9e0d-9dba95161cec', 'bc4c25b6-f1ae-45bc-b7ae-4b3fd10e9c29', 'Digitalisierung', current_timestamp, current_timestamp);
insert into Question values('a4f7f094-e1ff-4280-aa2f-33e17fb03d07', '038bd0b4-9531-419d-9e0d-9dba95161cec', 'Soll der Ausbau des Mobilfunknetzes nach 5G-Standard weiter vorangetrieben werden?', current_timestamp, current_timestamp);
insert into Question values('9f8b49e7-cd35-4115-8e2a-a4bc71ceab78', '038bd0b4-9531-419d-9e0d-9dba95161cec', 'Sollen Online-Vermittlungsdienste (z.B. "Airbnb"-Unterkünfte, "Uber"-Taxidienste) stärker reguliert werden?', current_timestamp, current_timestamp);
insert into QuestionSubject values('d9e78527-cdfb-4ac8-978b-367081718a20', 'bc4c25b6-f1ae-45bc-b7ae-4b3fd10e9c29', 'Energie & Verkehr', current_timestamp, current_timestamp);
insert into Question values('df70cc34-0233-4ed5-89f4-5864507b42a4', 'd9e78527-cdfb-4ac8-978b-367081718a20', 'Eine Initiative fordert, dass die Schweiz ab 2050 auf die Verwendung fossiler Energieträger verzichtet. Unterstützen Sie dieses Anliegen?', current_timestamp, current_timestamp);
insert into Question values('4b4b663a-bc9c-4eb4-ba80-f86adc0951f9', 'd9e78527-cdfb-4ac8-978b-367081718a20', 'Bislang wird auf fossile Brennstoffe (z.B. Heizöl oder Erdgas) eine CO2-Abgabe erhoben. Soll diese Abgabe auch auf Treibstoffe (z.B. Benzin und Diesel) ausgeweitet werden?', current_timestamp, current_timestamp);
insert into Question values('231e38c1-fb35-4262-9a80-ea7a4d0a00ba', 'd9e78527-cdfb-4ac8-978b-367081718a20', 'Soll der Bund erneuerbare Energien stärker fördern?', current_timestamp, current_timestamp);
insert into Question values('57008dea-844d-44c7-8adc-6389295384c7', 'd9e78527-cdfb-4ac8-978b-367081718a20', 'Sollen stark befahrene Autobahnabschnitte auf sechs Spuren ausgebaut werden?', current_timestamp, current_timestamp);
insert into Question values('a214c6f9-029b-444d-82a0-8bc98a044a43', 'd9e78527-cdfb-4ac8-978b-367081718a20', 'Befürworten Sie die Einführung von "Road Pricing" für den motorisierten Individualverkehr auf vielbefahrenen Strassen?', current_timestamp, current_timestamp);
insert into QuestionSubject values('703d621d-85a3-4d2b-a1b0-acb1721a09b2', 'bc4c25b6-f1ae-45bc-b7ae-4b3fd10e9c29', 'Naturschutz', current_timestamp, current_timestamp);
insert into Question values('630e876e-62d7-498b-aae9-f8326e875369', '703d621d-85a3-4d2b-a1b0-acb1721a09b2', 'Befürworten Sie eine Lockerung der aktuell gültigen Schutzbestimmungen für Grossraubtiere (Luchs, Wolf, Bär)?', current_timestamp, current_timestamp);
insert into Question values('1521cd72-8dc2-463a-8cef-2c8c8166493b', '703d621d-85a3-4d2b-a1b0-acb1721a09b2', 'Soll das geltende Moratorium für gentechnisch veränderte Pflanzen und Tiere in der Schweizer Landwirtschaft über das Jahr 2021 hinaus verlängert werden?', current_timestamp, current_timestamp);
insert into Question values('4c411dfd-41e6-4c53-bb7b-37cc54c1c8e8', '703d621d-85a3-4d2b-a1b0-acb1721a09b2', 'Sollen nur noch Landwirte Direktzahlungen erhalten, die einen erweiterten ökologischen Leistungsnachweis erbringen (u.a. Verzicht auf synthetische Pestizide und Beschränkung des Antibiotika-Einsatzes)?', current_timestamp, current_timestamp);
insert into Question values('92bb831c-040f-4686-8acd-f42d8629ba7b', '703d621d-85a3-4d2b-a1b0-acb1721a09b2', 'Befürworten Sie einen Ausbau des Landschaftsschutzes (z.B. strengere Regeln zum Bauen ausserhalb bestehender Bauzonen)?', current_timestamp, current_timestamp);
insert into Question values('fe8d890a-abea-44fc-92fe-ba3678289387', '703d621d-85a3-4d2b-a1b0-acb1721a09b2', 'Befürworten Sie strengere Tierschutzregelungen für die Haltung von Nutztieren (z.B. permanenter Zugang zum Aussenbereich)?', current_timestamp, current_timestamp);
insert into QuestionSubject values('2ae96817-5b19-4e39-b14b-c59a2113d098', 'bc4c25b6-f1ae-45bc-b7ae-4b3fd10e9c29', 'Staatspolitik', current_timestamp, current_timestamp);
insert into Question values('4de87bed-0d07-419e-9991-32658cdb0a9d', '2ae96817-5b19-4e39-b14b-c59a2113d098', 'Soll die Finanzierung von Parteien sowie von Wahl- und Abstimmungskampagnen offengelegt werden müssen?', current_timestamp, current_timestamp);
insert into Question values('7570b82c-a85d-446c-9a92-5c0bb332a8a3', '2ae96817-5b19-4e39-b14b-c59a2113d098', 'Soll die Einführung der elektronischen Stimmabgabe bei Wahlen und Abstimmungen (E-Voting) weiter vorangetrieben werden?', current_timestamp, current_timestamp);
insert into Question values('b8b056d3-228d-4363-8f43-a1fed1da8695', '2ae96817-5b19-4e39-b14b-c59a2113d098', 'Befürworten Sie die Senkung des Stimmrechtsalters auf 16 Jahre?', current_timestamp, current_timestamp);
insert into QuestionSubject values('ee4660ce-2486-46a1-9291-8d7c3a65498b', 'bc4c25b6-f1ae-45bc-b7ae-4b3fd10e9c29', 'Sicherheit & Armee', current_timestamp, current_timestamp);
insert into Question values('5a08407a-ba00-4be3-bbc6-c50dc256d8f5', 'ee4660ce-2486-46a1-9291-8d7c3a65498b', 'Soll die Schweiz das Schengen-Abkommen mit der EU kündigen und wieder verstärkte Personenkontrollen direkt an der Grenze einführen?', current_timestamp, current_timestamp);
insert into Question values('cac14782-c714-49d4-803d-6bdfb7fb8707', 'ee4660ce-2486-46a1-9291-8d7c3a65498b', 'Soll auf die vom Bundesrat vorgeschlagene Verschärfung der Zulassungsbedingungen zum Zivildienst verzichtet werden?', current_timestamp, current_timestamp);
insert into Question values('3d723b44-2db7-4730-af04-6007ae7d2178', 'ee4660ce-2486-46a1-9291-8d7c3a65498b', 'Sollen Exporte von Kriegsmaterial aus der Schweiz verboten werden?', current_timestamp, current_timestamp);
insert into Question values('9a4f51df-c428-4a18-9055-511e0ae7b6d8', 'ee4660ce-2486-46a1-9291-8d7c3a65498b', 'Befürworten Sie die Beschaffung neuer Kampfflugzeuge für die Schweizer Armee?', current_timestamp, current_timestamp);
insert into Question values('fd1edc81-f470-4dbe-95cf-ea6ad5e85cf2', 'ee4660ce-2486-46a1-9291-8d7c3a65498b', 'Würden Sie eine Ausdehnung der rechtlichen Möglichkeiten zur Fahndung mittels DNA-Analyse befürworten?', current_timestamp, current_timestamp);
insert into QuestionSubject values('94eee13c-70e5-4096-89e4-9a53cb98592b', 'bc4c25b6-f1ae-45bc-b7ae-4b3fd10e9c29', 'Aussenbeziehungen', current_timestamp, current_timestamp);
insert into Question values('6e2740d2-ef18-4564-b8c7-9f7214308f81', '94eee13c-70e5-4096-89e4-9a53cb98592b', 'Soll die Schweiz Verhandlungen über den Beitritt zur EU aufnehmen?', current_timestamp, current_timestamp);
insert into Question values('926c446b-9db8-4b9c-a406-ed40dff69e34', '94eee13c-70e5-4096-89e4-9a53cb98592b', 'Soll der Bundesrat ein Freihandelsabkommen mit den USA anstreben?', current_timestamp, current_timestamp);
insert into Question values('eaa9530f-bb8c-453f-b634-c8599039e296', '94eee13c-70e5-4096-89e4-9a53cb98592b', 'Eine Initiative fordert, dass die Haftungsregeln für Unternehmen mit Sitz in der Schweiz in Bezug auf die Einhaltung von Menschenrechten und Umweltstandards im Ausland verschärft werden. Befürworten Sie dies?', current_timestamp, current_timestamp);
insert into Question values('bdc5f279-42bf-491c-b87a-409b3c7bff89', '94eee13c-70e5-4096-89e4-9a53cb98592b', 'Befürworten Sie die Kandidatur der Schweiz für einen Sitz im UNO-Sicherheitsrat?', current_timestamp, current_timestamp);

-- politicians
insert into Party values('78d47363-fb09-4041-9d2a-0e637b272b51', 'CVP Die Mitte', current_timestamp, current_timestamp);
insert into Party values('60294243-0aa1-4cf7-a54a-ac28bc429af9', 'FDP', current_timestamp, current_timestamp);
insert into Party values('daad81cf-ab2f-4432-ba4e-8ff57c0bb678', 'Grüne', current_timestamp, current_timestamp);
insert into Party values('e26fb46a-87ed-4c1d-8afe-d9e5d42308fd', 'SP', current_timestamp, current_timestamp);
insert into Party values('51cdefc2-0cf7-42f1-9df9-4e97dabab17d', 'SVP', current_timestamp, current_timestamp);

-- CVP Die Mitte
insert into Politician values('bb1d763b-ca76-4ac5-81ef-a98d4f34e669', '78d47363-fb09-4041-9d2a-0e637b272b51', 'Gretchen Gertraud', 1996, 'Female', 'Metzgerin', '1.jpg', current_timestamp, current_timestamp);
insert into Politician values('7d712000-ffc9-4703-a308-7aca6bb00554', '78d47363-fb09-4041-9d2a-0e637b272b51', 'Caroline Gunda', 1965, 'Female', 'Kauffrau', '2.jpg', current_timestamp, current_timestamp);
insert into Politician values('e868ccc3-50eb-4d54-a8f2-dec07b1c9f03', '78d47363-fb09-4041-9d2a-0e637b272b51', 'Cornelia Brigitte', 1999, 'Female', 'Autohändlerin', '3.jpg', current_timestamp, current_timestamp);
insert into Politician values('9017a1c3-6d81-4393-8b8c-5f68fd78f6fc', '78d47363-fb09-4041-9d2a-0e637b272b51', 'Rafael Finn', 1966, 'Male', 'IT Consultant', '19.jpg', current_timestamp, current_timestamp);
insert into Politician values('a882f183-0c6e-41a2-8745-ba9f570ecf8b', '78d47363-fb09-4041-9d2a-0e637b272b51', 'Ronald Michael', 1976, 'Male', 'Metzger', '20.jpg', current_timestamp, current_timestamp);
insert into Politician values('aed41ae7-e8d9-4944-aee1-ae138623bdd7', '78d47363-fb09-4041-9d2a-0e637b272b51', 'Gebhard Günter', 1987, 'Male', 'Radiomoderator', '21.jpg', current_timestamp, current_timestamp);

-- FDP
insert into Politician values('c99a1451-3801-4ff3-b106-556196c019e3', '60294243-0aa1-4cf7-a54a-ac28bc429af9', 'Leonie Wibke', 1983, 'Female', 'Architektin', '4.jpg', current_timestamp, current_timestamp);
insert into Politician values('b1b0d773-64d6-4b2c-aa76-0a6ba38cd664', '60294243-0aa1-4cf7-a54a-ac28bc429af9', 'Jasmin Lore', 1986, 'Female', 'Köchin', '5.jpg', current_timestamp, current_timestamp);
insert into Politician values('b7ee252a-66fe-43f1-8c31-cc44d123c1e3', '60294243-0aa1-4cf7-a54a-ac28bc429af9', 'Ruth Anja', 1989, 'Female', 'Komponistin', '6.jpg', current_timestamp, current_timestamp);
insert into Politician values('69a474b5-263c-4797-b451-87701c625291', '60294243-0aa1-4cf7-a54a-ac28bc429af9', 'Hermann Burkhard', 1975, 'Male', 'Theologe', '22.jpg', current_timestamp, current_timestamp);
insert into Politician values('2eb55491-aa91-47ed-9f68-42836101c334', '60294243-0aa1-4cf7-a54a-ac28bc429af9', 'Siegbert Helmuth', 1970, 'Male', 'Mathematiker', '23.jpg', current_timestamp, current_timestamp);
insert into Politician values('7c25649f-fe2b-47a7-83a5-b427ef5d7f27', '60294243-0aa1-4cf7-a54a-ac28bc429af9', 'Otmar Manu', 1982, 'Male', 'Versicherungsfachmann', '24.jpg', current_timestamp, current_timestamp);

-- Grüne
insert into Politician values('6f4467de-61c7-4da4-8437-81fd94f8caea', 'daad81cf-ab2f-4432-ba4e-8ff57c0bb678', 'Lydia Ingeburg', 1995, 'Female', 'Hausfrau', '7.jpg', current_timestamp, current_timestamp);
insert into Politician values('5499fac4-1366-469e-92fb-4c66b582ef47', 'daad81cf-ab2f-4432-ba4e-8ff57c0bb678', 'Irmhild Emilie', 1991, 'Female', 'Studentin', '8.jpg', current_timestamp, current_timestamp);
insert into Politician values('c84a3ac8-d177-47c3-9fd3-35fecf4296b7', 'daad81cf-ab2f-4432-ba4e-8ff57c0bb678', 'Helma Ulla', 1997, 'Female', 'IT Consultant', '9.jpg', current_timestamp, current_timestamp);
insert into Politician values('cf208589-ec9b-49ea-87e1-bdc1c31ca5fc', 'daad81cf-ab2f-4432-ba4e-8ff57c0bb678', 'Beat Lorenz', 1995, 'Male', 'Herausgeber', '25.jpg', current_timestamp, current_timestamp);
insert into Politician values('3fd910a0-57c0-4259-85c9-538b711bfb99', 'daad81cf-ab2f-4432-ba4e-8ff57c0bb678', 'Chris Mathias', 1990, 'Male', 'Radiomoderator', '26.jpg', current_timestamp, current_timestamp);
insert into Politician values('0069d8b1-47c7-4b78-b551-8f0347e43a1c', 'daad81cf-ab2f-4432-ba4e-8ff57c0bb678', 'Mathis Adolf', 1974, 'Male', 'Pflegefachmann', '27.jpg', current_timestamp, current_timestamp);

-- SP
insert into Politician values('c3860bfb-0975-4a07-941e-7ce550250b55', 'e26fb46a-87ed-4c1d-8afe-d9e5d42308fd', 'Regula Adelheid', 1978, 'Female', 'Metzgerin', '10.jpg', current_timestamp, current_timestamp);
insert into Politician values('0bf956b3-1094-4891-9fac-043b3bb4ddce', 'e26fb46a-87ed-4c1d-8afe-d9e5d42308fd', 'Susi Ulrike', 1975, 'Female', 'Radiomoderatorin', '11.jpg', current_timestamp, current_timestamp);
insert into Politician values('c0fffdd1-a230-44b4-b890-20ff4b09e58a', 'e26fb46a-87ed-4c1d-8afe-d9e5d42308fd', 'Else Sabrina', 1994, 'Female', 'Theologin', '12.jpg', current_timestamp, current_timestamp);
insert into Politician values('c02037b0-32ca-49b9-ae94-b29705191f3a', 'e26fb46a-87ed-4c1d-8afe-d9e5d42308fd', 'Christoph Winfried', 1982, 'Male', 'Metzger', '28.jpg', current_timestamp, current_timestamp);
insert into Politician values('867bd3ec-5599-472f-92a8-c06580340c65', 'e26fb46a-87ed-4c1d-8afe-d9e5d42308fd', 'Lars Sören', 1969, 'Male', 'Metzger', '29.jpg', current_timestamp, current_timestamp);
insert into Politician values('a35b4cca-3fad-45ab-a2db-f88e69b3ffc6', 'e26fb46a-87ed-4c1d-8afe-d9e5d42308fd', 'Georg Quirin', 1970, 'Male', 'Komponist', '30.jpg', current_timestamp, current_timestamp);

-- SVP
insert into Politician values('a044da59-0467-4dea-8e30-e0dee2b053a5', '51cdefc2-0cf7-42f1-9df9-4e97dabab17d', 'Karina Tatiana', 1992, 'Female', 'IT Consultant', '13.jpg', current_timestamp, current_timestamp);
insert into Politician values('817d113c-9874-4511-a5f3-08a256a7dfb8', '51cdefc2-0cf7-42f1-9df9-4e97dabab17d', 'Rebekka Luise', 1987, 'Female', 'Elektrikerin', '14.jpg', current_timestamp, current_timestamp);
insert into Politician values('04bbc8fd-b00e-428d-8a76-158d03394bf7', '51cdefc2-0cf7-42f1-9df9-4e97dabab17d', 'Carolin Iris', 1970, 'Female', 'Radiomoderatorin', '15.jpg', current_timestamp, current_timestamp);
insert into Politician values('4d7b74e2-503c-42cc-b86c-2a7b1b28b093', '51cdefc2-0cf7-42f1-9df9-4e97dabab17d', 'Robert Bertram', 1964, 'Male', 'Zugführer', '31.jpg', current_timestamp, current_timestamp);
insert into Politician values('840a8d98-56a5-4b79-b7db-019d60454b7d', '51cdefc2-0cf7-42f1-9df9-4e97dabab17d', 'Josef Philipp', 1962, 'Male', 'Radiomoderator', '32.jpg', current_timestamp, current_timestamp);
insert into Politician values('47f1e554-bf38-4a6e-a31d-023b57d35eaa', '51cdefc2-0cf7-42f1-9df9-4e97dabab17d', 'Ben Kuno', 1970, 'Male', 'Designer', '33.jpg', current_timestamp, current_timestamp);

--additional politicians that would require filled out question catalogues
--insert into Politician values('802f66ed-fd65-4d37-8177-dd7ec6938c4b', 'e26fb46a-87ed-4c1d-8afe-d9e5d42308fd', 'Pascal Abraham', 1967, 'Male', 'Architekt', '34.jpg', current_timestamp, current_timestamp);
--insert into Politician values('9178eee0-ee5e-4f13-88d4-43eea8aa9179', 'e26fb46a-87ed-4c1d-8afe-d9e5d42308fd', 'Eberhard Matthias', 1989, 'Male', 'Autohändler', '35.jpg', current_timestamp, current_timestamp);
--insert into Politician values('ab9a8281-5fe2-4efc-b2be-12ef35d57786', 'e26fb46a-87ed-4c1d-8afe-d9e5d42308fd', 'Kilian Carl', 1980, 'Male', 'Pflegefachmann', '36.jpg', current_timestamp, current_timestamp);
--insert into Politician values('dc1d49a5-a3b9-4ea9-90be-489930db6823', 'e26fb46a-87ed-4c1d-8afe-d9e5d42308fd', 'Arne Adelbert', 1960, 'Male', 'Kaufmann', '37.jpg', current_timestamp, current_timestamp);
--insert into Politician values('7a3c9972-f7da-4f5a-9de7-80dd1d28f50a', 'e26fb46a-87ed-4c1d-8afe-d9e5d42308fd', 'Franz Hugo', 1977, 'Male', 'Autohändler', '38.jpg', current_timestamp, current_timestamp);
--insert into Politician values('89678908-7e8d-4f9c-9c15-cbab24936a8e', 'e26fb46a-87ed-4c1d-8afe-d9e5d42308fd', 'Gereon Linus', 1994, 'Male', 'Komponist', '39.jpg', current_timestamp, current_timestamp);
--insert into Politician values('e4730035-205f-485e-bd91-23308b4b956e', 'e26fb46a-87ed-4c1d-8afe-d9e5d42308fd', 'Manu Hasso', 1972, 'Male', 'Architekt', '40.jpg', current_timestamp, current_timestamp);
--insert into Politician values('8eabc811-d976-4e85-95f2-a91f15ebf6c2', '51cdefc2-0cf7-42f1-9df9-4e97dabab17d', 'Gabriel Richard', 1981, 'Male', 'Designer', '41.jpg', current_timestamp, current_timestamp);
--insert into Politician values('667a75d5-f922-40a7-b0de-4b3b3b6cce08', '51cdefc2-0cf7-42f1-9df9-4e97dabab17d', 'Beat Leo', 1986, 'Male', 'Herausgeber', '42.jpg', current_timestamp, current_timestamp);
--insert into Politician values('6ecd0c78-d06f-4e33-93b6-24382cbc93e5', '51cdefc2-0cf7-42f1-9df9-4e97dabab17d', 'Justus Alwin', 1983, 'Male', 'Hausmann', '43.jpg', current_timestamp, current_timestamp);
--insert into Politician values('9dfc0bbb-353c-4dc0-8409-5d32b4b44afd', '51cdefc2-0cf7-42f1-9df9-4e97dabab17d', 'Benedikt Samuel', 1982, 'Male', 'Kaufmann', '44.jpg', current_timestamp, current_timestamp);
--insert into Politician values('e6274305-cdde-4b62-b7ac-a0cc4f0c3b1e', '51cdefc2-0cf7-42f1-9df9-4e97dabab17d', 'Simon Michel', 1958, 'Male', 'Pflegefachmann', '45.jpg', current_timestamp, current_timestamp);
--insert into Politician values('94b21ab6-c285-49ed-ba31-b060d01eb498', '51cdefc2-0cf7-42f1-9df9-4e97dabab17d', 'Lars Gerhard', 1986, 'Male', 'IT Consultant', '46.jpg', current_timestamp, current_timestamp);
--insert into Politician values('aa2aa826-bc0f-4b0c-b36f-979b2b104e28', '51cdefc2-0cf7-42f1-9df9-4e97dabab17d', 'Wulf Erich', 1974, 'Male', 'Designer', '47.jpg', current_timestamp, current_timestamp);
--insert into Politician values('ef63f015-5776-4b1e-a458-3fc10534bac4', '51cdefc2-0cf7-42f1-9df9-4e97dabab17d', 'Gernot Dennis', 1994, 'Male', 'Designer', '48.jpg', current_timestamp, current_timestamp);
--insert into Politician values('8dee210a-cd6e-41fa-8191-52104772ec17', '51cdefc2-0cf7-42f1-9df9-4e97dabab17d', 'Oliver Clemens', 1979, 'Male', 'Architekt', '49.jpg', current_timestamp, current_timestamp);
--insert into Politician values('c5648fcd-d80d-48ab-b9a5-4db2a64f4a5a', '51cdefc2-0cf7-42f1-9df9-4e97dabab17d', 'Jupp Hartwig', 1969, 'Male', 'Hausmann', '50.jpg', current_timestamp, current_timestamp);

-- answered questions

-- ###### Grüne ######

-- based on https://smartvote.ch/de/group/2/election/19_ch_nr/db/candidates/44200000898
insert into QuestionAnswer values('054f7f98-03b8-4a2d-a808-c96acce94c9c', 'a335650d-06b4-4e92-ba77-d5f8964ceb82', '6f4467de-61c7-4da4-8437-81fd94f8caea', 3, current_timestamp, current_timestamp);
insert into QuestionAnswer values('272dfc6f-f2d9-41c8-aa84-5a33ab0ffae1', '46df8b49-923c-4f91-8362-5196efbb71e2', '6f4467de-61c7-4da4-8437-81fd94f8caea', 0, current_timestamp, current_timestamp);
insert into QuestionAnswer values('e23ce315-c863-41ad-8a00-101bdb467b28', '5f277258-ba7b-492c-b451-673eaa5957c0', '6f4467de-61c7-4da4-8437-81fd94f8caea', 1, current_timestamp, current_timestamp);
insert into QuestionAnswer values('34d37b85-6db7-4168-aa89-a028f033d479', '007ebae0-31cb-40fb-93ad-c2f980caee14', '6f4467de-61c7-4da4-8437-81fd94f8caea', 3, current_timestamp, current_timestamp);
insert into QuestionAnswer values('c4a7e148-b3e9-4a62-9d95-3ef73ead5bed', '8ae0f13d-e699-4617-a4ba-672e6ccc0edc', '6f4467de-61c7-4da4-8437-81fd94f8caea', 4, current_timestamp, current_timestamp);
insert into QuestionAnswer values('8484a77e-2376-4537-bf24-a0b253a55d15', 'dee756b8-f4f2-474a-88f4-e7f4fea7275a', '6f4467de-61c7-4da4-8437-81fd94f8caea', 0, current_timestamp, current_timestamp);
insert into QuestionAnswer values('e674baa3-f22a-4c01-b894-395abd1934db', 'b8ec593e-93b8-4bab-95dd-cfff5c526d54', '6f4467de-61c7-4da4-8437-81fd94f8caea', 4, current_timestamp, current_timestamp);
insert into QuestionAnswer values('1355b459-0356-4958-902b-5a341ba14978', '6f9db124-e0ae-409d-b943-5be0cbc836e5', '6f4467de-61c7-4da4-8437-81fd94f8caea', 4, current_timestamp, current_timestamp);
insert into QuestionAnswer values('0293a97d-c3c3-4611-a1b0-b20878c15ca7', '616bf16a-470d-494e-ad8b-b230e80dafb3', '6f4467de-61c7-4da4-8437-81fd94f8caea', 4, current_timestamp, current_timestamp);
insert into QuestionAnswer values('909d7273-1ea1-4734-8da5-7203870d4921', '6c05b44c-34de-48a4-8d3c-6015b268c456', '6f4467de-61c7-4da4-8437-81fd94f8caea', 0, current_timestamp, current_timestamp);
insert into QuestionAnswer values('aeb93c61-9cba-4f52-891d-2433313b2459', '3ac4a61c-f510-4d59-84cc-e957dbeedd8e', '6f4467de-61c7-4da4-8437-81fd94f8caea', 4, current_timestamp, current_timestamp);
insert into QuestionAnswer values('5209229f-280c-4537-b668-5f25fef36b46', 'f4f5632d-00ae-4be2-aff8-c83da3c21519', '6f4467de-61c7-4da4-8437-81fd94f8caea', 0, current_timestamp, current_timestamp);
insert into QuestionAnswer values('5b53a531-6f41-4ba0-94b7-451c62231ced', '4917d24b-e50c-4fa9-ac12-37a0d298f41f', '6f4467de-61c7-4da4-8437-81fd94f8caea', 3, current_timestamp, current_timestamp);
insert into QuestionAnswer values('ab10a430-c418-4e36-aedc-875a138a92ea', 'aee92954-3fab-449d-bc56-7ec47df873cb', '6f4467de-61c7-4da4-8437-81fd94f8caea', 0, current_timestamp, current_timestamp);
insert into QuestionAnswer values('2d291c3d-a451-4ae8-9bf3-69f422808e3b', '19d57226-91df-4c5a-92f4-7b7d774ea8c4', '6f4467de-61c7-4da4-8437-81fd94f8caea', 0, current_timestamp, current_timestamp);
insert into QuestionAnswer values('24d58704-22a1-480f-a546-81ba9ceb616c', '81f2e7c9-6871-44e3-a432-b0fd050dd187', '6f4467de-61c7-4da4-8437-81fd94f8caea', 0, current_timestamp, current_timestamp);
insert into QuestionAnswer values('2ee46be8-f3da-4b70-8f29-50dc2b9e6287', '377a4b78-e58a-4d13-875f-817cd1693ece', '6f4467de-61c7-4da4-8437-81fd94f8caea', 4, current_timestamp, current_timestamp);
insert into QuestionAnswer values('8a5b2fb9-ba69-47ad-b896-e79561302758', '54e790a7-9741-408e-9327-3377df0e9b6e', '6f4467de-61c7-4da4-8437-81fd94f8caea', 0, current_timestamp, current_timestamp);
insert into QuestionAnswer values('480323fc-6264-4bd6-8a13-e2850f4adae5', '5dce5233-88d5-4b52-94de-6465ace4be98', '6f4467de-61c7-4da4-8437-81fd94f8caea', 4, current_timestamp, current_timestamp);
insert into QuestionAnswer values('723902b2-c455-40b8-87a9-e0f3dd4c52e8', '63aa0cb7-202d-4c54-85ae-051e8249115d', '6f4467de-61c7-4da4-8437-81fd94f8caea', 4, current_timestamp, current_timestamp);
insert into QuestionAnswer values('2c53e1cb-f4e5-433b-bf40-0e87209a9a0c', 'fb59e236-0633-46ca-a8b5-c0d7596ee10e', '6f4467de-61c7-4da4-8437-81fd94f8caea', 0, current_timestamp, current_timestamp);
insert into QuestionAnswer values('0323ae66-8eea-443a-aca5-09256eeb9ec9', '154147b7-aff2-4ff1-89cf-fcd6616ca6d2', '6f4467de-61c7-4da4-8437-81fd94f8caea', 0, current_timestamp, current_timestamp);
insert into QuestionAnswer values('643072e1-dfe4-4a11-b1c1-34eb5d769317', '6e8b2868-8094-46d3-95be-2397eb9d5237', '6f4467de-61c7-4da4-8437-81fd94f8caea', 0, current_timestamp, current_timestamp);
insert into QuestionAnswer values('7bd6d551-7dd9-4224-8e7b-30edd699a835', '112cc8ee-b996-4b19-9192-9e82b92aae94', '6f4467de-61c7-4da4-8437-81fd94f8caea', 4, current_timestamp, current_timestamp);
insert into QuestionAnswer values('e4f32383-992b-44a8-ba23-7050f8e9336c', '60c4bebf-411f-456f-9eab-5afd98fde9c7', '6f4467de-61c7-4da4-8437-81fd94f8caea', 0, current_timestamp, current_timestamp);
insert into QuestionAnswer values('067b98be-183f-4106-89da-78e25c4d63e4', 'c393d2b5-6e50-4d7a-ad40-e112851e0711', '6f4467de-61c7-4da4-8437-81fd94f8caea', 0, current_timestamp, current_timestamp);
insert into QuestionAnswer values('6eddf97e-f0d5-48c3-9dfd-8ff811f53b1b', '38630605-5c28-4b5c-b042-93c43bf23ebc', '6f4467de-61c7-4da4-8437-81fd94f8caea', 4, current_timestamp, current_timestamp);
insert into QuestionAnswer values('442531a9-6774-4a59-9817-0355bed8747f', 'cc721727-53e6-4b1c-9d85-c97c46b5422e', '6f4467de-61c7-4da4-8437-81fd94f8caea', 4, current_timestamp, current_timestamp);
insert into QuestionAnswer values('a750d26c-7d6c-4d6a-bf99-0930b8143cd7', 'ccb39a89-f63e-4537-90cd-e3186178ae1f', '6f4467de-61c7-4da4-8437-81fd94f8caea', 0, current_timestamp, current_timestamp);
insert into QuestionAnswer values('1799aaf3-5702-4ea7-878d-1c2fcd4fc596', 'b34bfec1-ee6c-46bc-9d52-99e90b59fe12', '6f4467de-61c7-4da4-8437-81fd94f8caea', 0, current_timestamp, current_timestamp);
insert into QuestionAnswer values('dee51883-126d-4be8-aaf1-f04538ab64ba', '6b7955fe-fb44-4b68-92b5-13aedcce4e76', '6f4467de-61c7-4da4-8437-81fd94f8caea', 4, current_timestamp, current_timestamp);
insert into QuestionAnswer values('c2db8962-253b-47da-9fd4-f6db69a17965', '204814c3-bf71-4b17-9727-c6d435976da6', '6f4467de-61c7-4da4-8437-81fd94f8caea', 0, current_timestamp, current_timestamp);
insert into QuestionAnswer values('1b5d7cc2-0105-47e5-9bef-6adf58b83e20', 'd118e4c3-08b7-4c8e-95de-81b8715b6f1d', '6f4467de-61c7-4da4-8437-81fd94f8caea', 0, current_timestamp, current_timestamp);
insert into QuestionAnswer values('8ae1cb22-d2f8-479f-9c6c-8308a27d20b0', 'db255fa3-e68a-47b3-9651-a7cc95b33689', '6f4467de-61c7-4da4-8437-81fd94f8caea', 4, current_timestamp, current_timestamp);
insert into QuestionAnswer values('2ae5dd79-07e2-41fe-a2b0-29100202b078', '42b30d8f-b8eb-46be-93ee-446f2d1d2706', '6f4467de-61c7-4da4-8437-81fd94f8caea', 0, current_timestamp, current_timestamp);
insert into QuestionAnswer values('b52dcab6-1cd3-491a-bf08-48cad8e3da47', '69126fb1-3e3f-4741-b6a4-91678103ccfe', '6f4467de-61c7-4da4-8437-81fd94f8caea', 0, current_timestamp, current_timestamp);
insert into QuestionAnswer values('ee9e5236-8e77-439e-a328-e611fc899357', 'a4f7f094-e1ff-4280-aa2f-33e17fb03d07', '6f4467de-61c7-4da4-8437-81fd94f8caea', 4, current_timestamp, current_timestamp);
insert into QuestionAnswer values('66ed4c9e-ab24-4b84-9e70-b7e7772690e8', '9f8b49e7-cd35-4115-8e2a-a4bc71ceab78', '6f4467de-61c7-4da4-8437-81fd94f8caea', 0, current_timestamp, current_timestamp);
insert into QuestionAnswer values('4b1892e2-6c57-4aba-92d5-ee53d11f5773', 'df70cc34-0233-4ed5-89f4-5864507b42a4', '6f4467de-61c7-4da4-8437-81fd94f8caea', 0, current_timestamp, current_timestamp);
insert into QuestionAnswer values('40f4a05a-cc1d-4baa-83cc-34c54d38b0c1', '4b4b663a-bc9c-4eb4-ba80-f86adc0951f9', '6f4467de-61c7-4da4-8437-81fd94f8caea', 0, current_timestamp, current_timestamp);
insert into QuestionAnswer values('471c7b0a-9284-4262-9fee-9fe4d74761f5', '231e38c1-fb35-4262-9a80-ea7a4d0a00ba', '6f4467de-61c7-4da4-8437-81fd94f8caea', 0, current_timestamp, current_timestamp);
insert into QuestionAnswer values('acfdf4eb-7fbe-4a49-9639-2ca8910e4121', '57008dea-844d-44c7-8adc-6389295384c7', '6f4467de-61c7-4da4-8437-81fd94f8caea', 4, current_timestamp, current_timestamp);
insert into QuestionAnswer values('a73f86b8-1527-41e1-8f70-d5bc697c7bc3', 'a214c6f9-029b-444d-82a0-8bc98a044a43', '6f4467de-61c7-4da4-8437-81fd94f8caea', 0, current_timestamp, current_timestamp);
insert into QuestionAnswer values('5e4ecbfb-9d2d-47e3-9e32-4623fb9f43a3', '630e876e-62d7-498b-aae9-f8326e875369', '6f4467de-61c7-4da4-8437-81fd94f8caea', 4, current_timestamp, current_timestamp);
insert into QuestionAnswer values('6a176403-ba99-4093-ba44-8341c2961905', '1521cd72-8dc2-463a-8cef-2c8c8166493b', '6f4467de-61c7-4da4-8437-81fd94f8caea', 0, current_timestamp, current_timestamp);
insert into QuestionAnswer values('9516edfb-aa14-410d-a7cf-6080a9bd8482', '4c411dfd-41e6-4c53-bb7b-37cc54c1c8e8', '6f4467de-61c7-4da4-8437-81fd94f8caea', 0, current_timestamp, current_timestamp);
insert into QuestionAnswer values('bd32f2c0-37bc-427c-b170-7b6df3033464', '92bb831c-040f-4686-8acd-f42d8629ba7b', '6f4467de-61c7-4da4-8437-81fd94f8caea', 0, current_timestamp, current_timestamp);
insert into QuestionAnswer values('b47698b9-42a6-4e3d-9226-49bd624f2af9', 'fe8d890a-abea-44fc-92fe-ba3678289387', '6f4467de-61c7-4da4-8437-81fd94f8caea', 0, current_timestamp, current_timestamp);
insert into QuestionAnswer values('b37612ea-6ec3-40d8-90a9-549d4b1bb744', '4de87bed-0d07-419e-9991-32658cdb0a9d', '6f4467de-61c7-4da4-8437-81fd94f8caea', 0, current_timestamp, current_timestamp);
insert into QuestionAnswer values('3c01784f-fe37-4a76-99b6-e2649cc5b61f', '7570b82c-a85d-446c-9a92-5c0bb332a8a3', '6f4467de-61c7-4da4-8437-81fd94f8caea', 4, current_timestamp, current_timestamp);
insert into QuestionAnswer values('388ac00b-bb65-42a6-b572-a4d3814d22ac', 'b8b056d3-228d-4363-8f43-a1fed1da8695', '6f4467de-61c7-4da4-8437-81fd94f8caea', 0, current_timestamp, current_timestamp);
insert into QuestionAnswer values('7a8ab657-49fb-46f0-9c71-9b2427da7fd8', '5a08407a-ba00-4be3-bbc6-c50dc256d8f5', '6f4467de-61c7-4da4-8437-81fd94f8caea', 4, current_timestamp, current_timestamp);
insert into QuestionAnswer values('1abae18e-bdc1-4707-8cde-c59687c19d47', 'cac14782-c714-49d4-803d-6bdfb7fb8707', '6f4467de-61c7-4da4-8437-81fd94f8caea', 0, current_timestamp, current_timestamp);
insert into QuestionAnswer values('be726444-a443-4c2d-85aa-d3957eda97c3', '3d723b44-2db7-4730-af04-6007ae7d2178', '6f4467de-61c7-4da4-8437-81fd94f8caea', 0, current_timestamp, current_timestamp);
insert into QuestionAnswer values('8cda8406-9d6a-4414-98c2-0fe524e88734', '9a4f51df-c428-4a18-9055-511e0ae7b6d8', '6f4467de-61c7-4da4-8437-81fd94f8caea', 4, current_timestamp, current_timestamp);
insert into QuestionAnswer values('d446c2a8-1c50-4e95-9103-431349834515', 'fd1edc81-f470-4dbe-95cf-ea6ad5e85cf2', '6f4467de-61c7-4da4-8437-81fd94f8caea', 3, current_timestamp, current_timestamp);
insert into QuestionAnswer values('5b84b17d-efda-4a01-b9cf-edb4552a4517', '6e2740d2-ef18-4564-b8c7-9f7214308f81', '6f4467de-61c7-4da4-8437-81fd94f8caea', 0, current_timestamp, current_timestamp);
insert into QuestionAnswer values('19dfe49d-e064-4644-92f6-5dbeda9f73e9', '926c446b-9db8-4b9c-a406-ed40dff69e34', '6f4467de-61c7-4da4-8437-81fd94f8caea', 4, current_timestamp, current_timestamp);
insert into QuestionAnswer values('1f650532-de0f-4bf6-ba5d-1aea09396511', 'eaa9530f-bb8c-453f-b634-c8599039e296', '6f4467de-61c7-4da4-8437-81fd94f8caea', 0, current_timestamp, current_timestamp);
insert into QuestionAnswer values('c15a4e3d-f7be-4036-a899-4158e4c744fa', 'bdc5f279-42bf-491c-b87a-409b3c7bff89', '6f4467de-61c7-4da4-8437-81fd94f8caea', 0, current_timestamp, current_timestamp);

-- based on https://smartvote.ch/de/group/2/election/19_ch_nr/db/candidates/44200001994
insert into QuestionAnswer values('62078ee3-6515-401e-9910-4462c37fb603', 'a335650d-06b4-4e92-ba77-d5f8964ceb82', '5499fac4-1366-469e-92fb-4c66b582ef47', 4, current_timestamp, current_timestamp);
insert into QuestionAnswer values('5075513a-69cf-4d5d-8ebe-f10024fa3e9c', '46df8b49-923c-4f91-8362-5196efbb71e2', '5499fac4-1366-469e-92fb-4c66b582ef47', 0, current_timestamp, current_timestamp);
insert into QuestionAnswer values('94b00eb7-f0ec-4640-842f-4c05ddfe6ca3', '5f277258-ba7b-492c-b451-673eaa5957c0', '5499fac4-1366-469e-92fb-4c66b582ef47', 0, current_timestamp, current_timestamp);
insert into QuestionAnswer values('52fb69dc-a014-4737-8f9a-570bb5f68ee4', '007ebae0-31cb-40fb-93ad-c2f980caee14', '5499fac4-1366-469e-92fb-4c66b582ef47', 4, current_timestamp, current_timestamp);
insert into QuestionAnswer values('bc934b26-7e68-4e92-beea-9a4437bcbdcb', '8ae0f13d-e699-4617-a4ba-672e6ccc0edc', '5499fac4-1366-469e-92fb-4c66b582ef47', 4, current_timestamp, current_timestamp);
insert into QuestionAnswer values('89aef12e-ebeb-4e94-8713-f7b4efbd0843', 'dee756b8-f4f2-474a-88f4-e7f4fea7275a', '5499fac4-1366-469e-92fb-4c66b582ef47', 0, current_timestamp, current_timestamp);
insert into QuestionAnswer values('bb86ca74-cb9c-4990-b02e-aef516c55fb4', 'b8ec593e-93b8-4bab-95dd-cfff5c526d54', '5499fac4-1366-469e-92fb-4c66b582ef47', 4, current_timestamp, current_timestamp);
insert into QuestionAnswer values('04af366b-0fb8-4974-9f4e-1e130accc3cb', '6f9db124-e0ae-409d-b943-5be0cbc836e5', '5499fac4-1366-469e-92fb-4c66b582ef47', 1, current_timestamp, current_timestamp);
insert into QuestionAnswer values('d584c133-dd49-4c04-b725-81aedc8fc9da', '616bf16a-470d-494e-ad8b-b230e80dafb3', '5499fac4-1366-469e-92fb-4c66b582ef47', 1, current_timestamp, current_timestamp);
insert into QuestionAnswer values('8c06a407-7b43-4ee8-b7a1-fadf2043cbd7', '6c05b44c-34de-48a4-8d3c-6015b268c456', '5499fac4-1366-469e-92fb-4c66b582ef47', 0, current_timestamp, current_timestamp);
insert into QuestionAnswer values('7cf9e746-c4ee-43ff-8a7e-61a8d9085fc1', '3ac4a61c-f510-4d59-84cc-e957dbeedd8e', '5499fac4-1366-469e-92fb-4c66b582ef47', 4, current_timestamp, current_timestamp);
insert into QuestionAnswer values('e55aaf1f-f594-4ea0-a3f4-9bc228244ce8', 'f4f5632d-00ae-4be2-aff8-c83da3c21519', '5499fac4-1366-469e-92fb-4c66b582ef47', 0, current_timestamp, current_timestamp);
insert into QuestionAnswer values('1335359f-6790-4e6e-b17b-2df3436949e7', '4917d24b-e50c-4fa9-ac12-37a0d298f41f', '5499fac4-1366-469e-92fb-4c66b582ef47', 1, current_timestamp, current_timestamp);
insert into QuestionAnswer values('140030f8-6f74-4f55-9113-58bd39e6d855', 'aee92954-3fab-449d-bc56-7ec47df873cb', '5499fac4-1366-469e-92fb-4c66b582ef47', 0, current_timestamp, current_timestamp);
insert into QuestionAnswer values('808eca1d-44b3-4a3a-89c9-06fc21c27854', '19d57226-91df-4c5a-92f4-7b7d774ea8c4', '5499fac4-1366-469e-92fb-4c66b582ef47', 0, current_timestamp, current_timestamp);
insert into QuestionAnswer values('83706852-fe69-486c-91ac-9233eb292229', '81f2e7c9-6871-44e3-a432-b0fd050dd187', '5499fac4-1366-469e-92fb-4c66b582ef47', 0, current_timestamp, current_timestamp);
insert into QuestionAnswer values('f3395a51-8280-43af-b008-06cc14e7eaad', '377a4b78-e58a-4d13-875f-817cd1693ece', '5499fac4-1366-469e-92fb-4c66b582ef47', 4, current_timestamp, current_timestamp);
insert into QuestionAnswer values('9e05dd66-14f7-45b1-a2d3-28f23caa09ab', '54e790a7-9741-408e-9327-3377df0e9b6e', '5499fac4-1366-469e-92fb-4c66b582ef47', 0, current_timestamp, current_timestamp);
insert into QuestionAnswer values('d0d334cd-ef52-4373-9445-382cd7b5a58f', '5dce5233-88d5-4b52-94de-6465ace4be98', '5499fac4-1366-469e-92fb-4c66b582ef47', 4, current_timestamp, current_timestamp);
insert into QuestionAnswer values('7fa5238d-73ac-4634-8fdb-99ee20bfad12', '63aa0cb7-202d-4c54-85ae-051e8249115d', '5499fac4-1366-469e-92fb-4c66b582ef47', 4, current_timestamp, current_timestamp);
insert into QuestionAnswer values('be1a4362-fc08-4349-8e8b-75021f092d66', 'fb59e236-0633-46ca-a8b5-c0d7596ee10e', '5499fac4-1366-469e-92fb-4c66b582ef47', 0, current_timestamp, current_timestamp);
insert into QuestionAnswer values('e4044a34-7d23-4573-aac3-40adfc353818', '154147b7-aff2-4ff1-89cf-fcd6616ca6d2', '5499fac4-1366-469e-92fb-4c66b582ef47', 0, current_timestamp, current_timestamp);
insert into QuestionAnswer values('a3ae49cf-f22e-41a5-9764-8134f6f566fb', '6e8b2868-8094-46d3-95be-2397eb9d5237', '5499fac4-1366-469e-92fb-4c66b582ef47', 0, current_timestamp, current_timestamp);
insert into QuestionAnswer values('f1437b92-20cc-4af0-98bd-4dda2eed5093', '112cc8ee-b996-4b19-9192-9e82b92aae94', '5499fac4-1366-469e-92fb-4c66b582ef47', 3, current_timestamp, current_timestamp);
insert into QuestionAnswer values('6395489a-a818-446b-8607-92652fa8efe4', '60c4bebf-411f-456f-9eab-5afd98fde9c7', '5499fac4-1366-469e-92fb-4c66b582ef47', 0, current_timestamp, current_timestamp);
insert into QuestionAnswer values('b385eb15-e708-4dd9-b153-5dedf73280fa', 'c393d2b5-6e50-4d7a-ad40-e112851e0711', '5499fac4-1366-469e-92fb-4c66b582ef47', 3, current_timestamp, current_timestamp);
insert into QuestionAnswer values('504f43fe-ebf3-4ffe-ab8a-46b1e1125209', '38630605-5c28-4b5c-b042-93c43bf23ebc', '5499fac4-1366-469e-92fb-4c66b582ef47', 4, current_timestamp, current_timestamp);
insert into QuestionAnswer values('93a817de-ed81-435c-9a2d-229e2adea863', 'cc721727-53e6-4b1c-9d85-c97c46b5422e', '5499fac4-1366-469e-92fb-4c66b582ef47', 4, current_timestamp, current_timestamp);
insert into QuestionAnswer values('85caa199-7fdd-4a38-bf00-d0f89a8b96a1', 'ccb39a89-f63e-4537-90cd-e3186178ae1f', '5499fac4-1366-469e-92fb-4c66b582ef47', 0, current_timestamp, current_timestamp);
insert into QuestionAnswer values('a9f44288-976b-46a2-83dd-5cfdacb2668f', 'b34bfec1-ee6c-46bc-9d52-99e90b59fe12', '5499fac4-1366-469e-92fb-4c66b582ef47', 0, current_timestamp, current_timestamp);
insert into QuestionAnswer values('c05f2521-952e-494b-a7f1-8239cf0c4faa', '6b7955fe-fb44-4b68-92b5-13aedcce4e76', '5499fac4-1366-469e-92fb-4c66b582ef47', 4, current_timestamp, current_timestamp);
insert into QuestionAnswer values('faa60610-0180-43c6-89bc-cd3358c7786d', '204814c3-bf71-4b17-9727-c6d435976da6', '5499fac4-1366-469e-92fb-4c66b582ef47', 0, current_timestamp, current_timestamp);
insert into QuestionAnswer values('0c15a8fd-be38-4b77-8c53-87a05f3e5aa6', 'd118e4c3-08b7-4c8e-95de-81b8715b6f1d', '5499fac4-1366-469e-92fb-4c66b582ef47', 0, current_timestamp, current_timestamp);
insert into QuestionAnswer values('5106b49d-968e-48c8-9a4d-b5ce4f381dff', 'db255fa3-e68a-47b3-9651-a7cc95b33689', '5499fac4-1366-469e-92fb-4c66b582ef47', 4, current_timestamp, current_timestamp);
insert into QuestionAnswer values('50b3d77d-f465-4728-bd8c-64fd3ec190d6', '42b30d8f-b8eb-46be-93ee-446f2d1d2706', '5499fac4-1366-469e-92fb-4c66b582ef47', 0, current_timestamp, current_timestamp);
insert into QuestionAnswer values('be8d2723-2b20-4e7e-acc5-04745c571350', '69126fb1-3e3f-4741-b6a4-91678103ccfe', '5499fac4-1366-469e-92fb-4c66b582ef47', 0, current_timestamp, current_timestamp);
insert into QuestionAnswer values('c1d8a903-816a-427f-a7be-8eabd8147b8e', 'a4f7f094-e1ff-4280-aa2f-33e17fb03d07', '5499fac4-1366-469e-92fb-4c66b582ef47', 3, current_timestamp, current_timestamp);
insert into QuestionAnswer values('02e71760-b11a-40fe-9257-02b610549fc3', '9f8b49e7-cd35-4115-8e2a-a4bc71ceab78', '5499fac4-1366-469e-92fb-4c66b582ef47', 0, current_timestamp, current_timestamp);
insert into QuestionAnswer values('2727c41a-e63f-4f04-a614-0c00c220f81b', 'df70cc34-0233-4ed5-89f4-5864507b42a4', '5499fac4-1366-469e-92fb-4c66b582ef47', 0, current_timestamp, current_timestamp);
insert into QuestionAnswer values('3bec18f7-fd64-4303-bd5d-466d37bc6063', '4b4b663a-bc9c-4eb4-ba80-f86adc0951f9', '5499fac4-1366-469e-92fb-4c66b582ef47', 0, current_timestamp, current_timestamp);
insert into QuestionAnswer values('2849b5a8-3b03-43a3-8375-9d218fd78e75', '231e38c1-fb35-4262-9a80-ea7a4d0a00ba', '5499fac4-1366-469e-92fb-4c66b582ef47', 0, current_timestamp, current_timestamp);
insert into QuestionAnswer values('4130dcff-801a-4a0b-b351-ef9560e65f2c', '57008dea-844d-44c7-8adc-6389295384c7', '5499fac4-1366-469e-92fb-4c66b582ef47', 4, current_timestamp, current_timestamp);
insert into QuestionAnswer values('cf7cac51-b117-4b3f-89e5-3e9e2e13bbaf', 'a214c6f9-029b-444d-82a0-8bc98a044a43', '5499fac4-1366-469e-92fb-4c66b582ef47', 0, current_timestamp, current_timestamp);
insert into QuestionAnswer values('82a5a4fd-8840-42b0-a0dc-9d771081933d', '630e876e-62d7-498b-aae9-f8326e875369', '5499fac4-1366-469e-92fb-4c66b582ef47', 4, current_timestamp, current_timestamp);
insert into QuestionAnswer values('7a175401-4aea-46f4-8d6f-2e172a5d4195', '1521cd72-8dc2-463a-8cef-2c8c8166493b', '5499fac4-1366-469e-92fb-4c66b582ef47', 0, current_timestamp, current_timestamp);
insert into QuestionAnswer values('9dd43df4-206a-4cad-a83a-86f646ae2ccc', '4c411dfd-41e6-4c53-bb7b-37cc54c1c8e8', '5499fac4-1366-469e-92fb-4c66b582ef47', 0, current_timestamp, current_timestamp);
insert into QuestionAnswer values('634319d6-da1f-43ab-8f11-397f7392c213', '92bb831c-040f-4686-8acd-f42d8629ba7b', '5499fac4-1366-469e-92fb-4c66b582ef47', 0, current_timestamp, current_timestamp);
insert into QuestionAnswer values('9b64bdc9-fdff-4c06-9807-ec01db139247', 'fe8d890a-abea-44fc-92fe-ba3678289387', '5499fac4-1366-469e-92fb-4c66b582ef47', 0, current_timestamp, current_timestamp);
insert into QuestionAnswer values('f1ce26be-486e-40ea-8a14-2e3d02e2c0f0', '4de87bed-0d07-419e-9991-32658cdb0a9d', '5499fac4-1366-469e-92fb-4c66b582ef47', 0, current_timestamp, current_timestamp);
insert into QuestionAnswer values('58eb97e5-8ded-4b6a-97eb-64256b835f53', '7570b82c-a85d-446c-9a92-5c0bb332a8a3', '5499fac4-1366-469e-92fb-4c66b582ef47', 3, current_timestamp, current_timestamp);
insert into QuestionAnswer values('6afc216d-94f0-442d-94e8-c981662b1b50', 'b8b056d3-228d-4363-8f43-a1fed1da8695', '5499fac4-1366-469e-92fb-4c66b582ef47', 0, current_timestamp, current_timestamp);
insert into QuestionAnswer values('3270c44d-7c04-42ee-9459-13f7b00ce463', '5a08407a-ba00-4be3-bbc6-c50dc256d8f5', '5499fac4-1366-469e-92fb-4c66b582ef47', 4, current_timestamp, current_timestamp);
insert into QuestionAnswer values('e96a1347-2a96-4ad1-9d27-69c3098b630c', 'cac14782-c714-49d4-803d-6bdfb7fb8707', '5499fac4-1366-469e-92fb-4c66b582ef47', 0, current_timestamp, current_timestamp);
insert into QuestionAnswer values('1e5871ef-2450-480d-a136-a88764646d26', '3d723b44-2db7-4730-af04-6007ae7d2178', '5499fac4-1366-469e-92fb-4c66b582ef47', 0, current_timestamp, current_timestamp);
insert into QuestionAnswer values('d99056fd-02eb-4f81-adaa-cf934ec13d09', '9a4f51df-c428-4a18-9055-511e0ae7b6d8', '5499fac4-1366-469e-92fb-4c66b582ef47', 4, current_timestamp, current_timestamp);
insert into QuestionAnswer values('30cae522-67a5-4676-a17f-89ec92dd9f18', 'fd1edc81-f470-4dbe-95cf-ea6ad5e85cf2', '5499fac4-1366-469e-92fb-4c66b582ef47', 4, current_timestamp, current_timestamp);
insert into QuestionAnswer values('8443be19-e698-4201-9fe8-8e0cf80a57e7', '6e2740d2-ef18-4564-b8c7-9f7214308f81', '5499fac4-1366-469e-92fb-4c66b582ef47', 1, current_timestamp, current_timestamp);
insert into QuestionAnswer values('b5fa99d7-2259-4b5d-8c00-487cac172204', '926c446b-9db8-4b9c-a406-ed40dff69e34', '5499fac4-1366-469e-92fb-4c66b582ef47', 4, current_timestamp, current_timestamp);
insert into QuestionAnswer values('93ee9aff-1ddb-4355-84b5-27d1c8b2a571', 'eaa9530f-bb8c-453f-b634-c8599039e296', '5499fac4-1366-469e-92fb-4c66b582ef47', 0, current_timestamp, current_timestamp);
insert into QuestionAnswer values('22c2513d-ea86-45db-ae9a-aa65b7291b36', 'bdc5f279-42bf-491c-b87a-409b3c7bff89', '5499fac4-1366-469e-92fb-4c66b582ef47', 0, current_timestamp, current_timestamp);

-- based on https://smartvote.ch/de/group/2/election/19_ch_nr/db/candidates/44200004115
insert into QuestionAnswer values('46efb8fd-f1c8-4f49-b56c-f72ab16046cc', 'a335650d-06b4-4e92-ba77-d5f8964ceb82', 'c84a3ac8-d177-47c3-9fd3-35fecf4296b7', 0, current_timestamp, current_timestamp);
insert into QuestionAnswer values('70f91bae-21f8-4ef5-8957-337ae92971f9', '46df8b49-923c-4f91-8362-5196efbb71e2', 'c84a3ac8-d177-47c3-9fd3-35fecf4296b7', 0, current_timestamp, current_timestamp);
insert into QuestionAnswer values('5a7ae14c-c87b-47b3-9fdd-ae3f03f60791', '5f277258-ba7b-492c-b451-673eaa5957c0', 'c84a3ac8-d177-47c3-9fd3-35fecf4296b7', 0, current_timestamp, current_timestamp);
insert into QuestionAnswer values('7d611666-a2ee-40b3-b971-ac4a6319928e', '007ebae0-31cb-40fb-93ad-c2f980caee14', 'c84a3ac8-d177-47c3-9fd3-35fecf4296b7', 0, current_timestamp, current_timestamp);
insert into QuestionAnswer values('c650d577-2c33-424f-b85b-3c878f35708f', '8ae0f13d-e699-4617-a4ba-672e6ccc0edc', 'c84a3ac8-d177-47c3-9fd3-35fecf4296b7', 4, current_timestamp, current_timestamp);
insert into QuestionAnswer values('b0b3dbe1-af91-4177-bae7-6dca85096bb2', 'dee756b8-f4f2-474a-88f4-e7f4fea7275a', 'c84a3ac8-d177-47c3-9fd3-35fecf4296b7', 0, current_timestamp, current_timestamp);
insert into QuestionAnswer values('fec15b59-d844-4df4-9973-b8919f27bcda', 'b8ec593e-93b8-4bab-95dd-cfff5c526d54', 'c84a3ac8-d177-47c3-9fd3-35fecf4296b7', 3, current_timestamp, current_timestamp);
insert into QuestionAnswer values('d90f68ad-f925-4025-ae9c-5c27a79dd513', '6f9db124-e0ae-409d-b943-5be0cbc836e5', 'c84a3ac8-d177-47c3-9fd3-35fecf4296b7', 0, current_timestamp, current_timestamp);
insert into QuestionAnswer values('f1142a3d-f52e-4cd8-8877-e26e7c516a89', '616bf16a-470d-494e-ad8b-b230e80dafb3', 'c84a3ac8-d177-47c3-9fd3-35fecf4296b7', 0, current_timestamp, current_timestamp);
insert into QuestionAnswer values('e6a31843-f24b-4625-9e52-e46c108149a4', '6c05b44c-34de-48a4-8d3c-6015b268c456', 'c84a3ac8-d177-47c3-9fd3-35fecf4296b7', 3, current_timestamp, current_timestamp);
insert into QuestionAnswer values('abfd2e52-0c1e-4576-a691-643579b57cfd', '3ac4a61c-f510-4d59-84cc-e957dbeedd8e', 'c84a3ac8-d177-47c3-9fd3-35fecf4296b7', 0, current_timestamp, current_timestamp);
insert into QuestionAnswer values('410246cc-1dfc-4394-a418-5b2ea522358a', 'f4f5632d-00ae-4be2-aff8-c83da3c21519', 'c84a3ac8-d177-47c3-9fd3-35fecf4296b7', 0, current_timestamp, current_timestamp);
insert into QuestionAnswer values('a30b5e58-eefd-4bca-989b-efca42cda7b3', '4917d24b-e50c-4fa9-ac12-37a0d298f41f', 'c84a3ac8-d177-47c3-9fd3-35fecf4296b7', 4, current_timestamp, current_timestamp);
insert into QuestionAnswer values('4cd88ca6-222a-428d-a9ac-d6a041e91d1d', 'aee92954-3fab-449d-bc56-7ec47df873cb', 'c84a3ac8-d177-47c3-9fd3-35fecf4296b7', 0, current_timestamp, current_timestamp);
insert into QuestionAnswer values('d096c824-f0d2-4b4b-b63f-0b0a0e0473f4', '19d57226-91df-4c5a-92f4-7b7d774ea8c4', 'c84a3ac8-d177-47c3-9fd3-35fecf4296b7', 0, current_timestamp, current_timestamp);
insert into QuestionAnswer values('5f58675d-df0d-428d-ad00-21e5719554be', '81f2e7c9-6871-44e3-a432-b0fd050dd187', 'c84a3ac8-d177-47c3-9fd3-35fecf4296b7', 0, current_timestamp, current_timestamp);
insert into QuestionAnswer values('0eb7161f-9fe7-42e3-8469-4e2d25a84c5b', '377a4b78-e58a-4d13-875f-817cd1693ece', 'c84a3ac8-d177-47c3-9fd3-35fecf4296b7', 4, current_timestamp, current_timestamp);
insert into QuestionAnswer values('c539e84f-683c-4768-869d-0d1c85d2702d', '54e790a7-9741-408e-9327-3377df0e9b6e', 'c84a3ac8-d177-47c3-9fd3-35fecf4296b7', 3, current_timestamp, current_timestamp);
insert into QuestionAnswer values('aedfc06b-1c92-4f31-90b0-fba2d9ff769e', '5dce5233-88d5-4b52-94de-6465ace4be98', 'c84a3ac8-d177-47c3-9fd3-35fecf4296b7', 1, current_timestamp, current_timestamp);
insert into QuestionAnswer values('da5ee131-9f57-4fc3-bf23-44047a25bab3', '63aa0cb7-202d-4c54-85ae-051e8249115d', 'c84a3ac8-d177-47c3-9fd3-35fecf4296b7', 4, current_timestamp, current_timestamp);
insert into QuestionAnswer values('b0a42c0a-ae85-420a-96fa-5ae69d184241', 'fb59e236-0633-46ca-a8b5-c0d7596ee10e', 'c84a3ac8-d177-47c3-9fd3-35fecf4296b7', 1, current_timestamp, current_timestamp);
insert into QuestionAnswer values('986fe775-75c8-4722-9a2f-eaf83d86b8de', '154147b7-aff2-4ff1-89cf-fcd6616ca6d2', 'c84a3ac8-d177-47c3-9fd3-35fecf4296b7', 1, current_timestamp, current_timestamp);
insert into QuestionAnswer values('c4d31a2a-2ecb-48ba-8321-897554d4a8bd', '6e8b2868-8094-46d3-95be-2397eb9d5237', 'c84a3ac8-d177-47c3-9fd3-35fecf4296b7', 0, current_timestamp, current_timestamp);
insert into QuestionAnswer values('6ec2858d-3212-4ffa-9b2f-02569ab5fdd4', '112cc8ee-b996-4b19-9192-9e82b92aae94', 'c84a3ac8-d177-47c3-9fd3-35fecf4296b7', 0, current_timestamp, current_timestamp);
insert into QuestionAnswer values('13184388-8dee-4a79-b1df-0c8f00351663', '60c4bebf-411f-456f-9eab-5afd98fde9c7', 'c84a3ac8-d177-47c3-9fd3-35fecf4296b7', 1, current_timestamp, current_timestamp);
insert into QuestionAnswer values('baa4c975-fabf-45ad-925b-f351d96dd7b4', 'c393d2b5-6e50-4d7a-ad40-e112851e0711', 'c84a3ac8-d177-47c3-9fd3-35fecf4296b7', 0, current_timestamp, current_timestamp);
insert into QuestionAnswer values('998c2625-95ab-4a48-8578-955290a7d875', '38630605-5c28-4b5c-b042-93c43bf23ebc', 'c84a3ac8-d177-47c3-9fd3-35fecf4296b7', 0, current_timestamp, current_timestamp);
insert into QuestionAnswer values('4530b72b-395c-4b4e-97c5-35451f6da774', 'cc721727-53e6-4b1c-9d85-c97c46b5422e', 'c84a3ac8-d177-47c3-9fd3-35fecf4296b7', 3, current_timestamp, current_timestamp);
insert into QuestionAnswer values('898fbf1e-2b74-4b6d-b060-a08086d3f0cf', 'ccb39a89-f63e-4537-90cd-e3186178ae1f', 'c84a3ac8-d177-47c3-9fd3-35fecf4296b7', 0, current_timestamp, current_timestamp);
insert into QuestionAnswer values('bfb0fda6-8b8e-462f-ab31-b4d2474480c5', 'b34bfec1-ee6c-46bc-9d52-99e90b59fe12', 'c84a3ac8-d177-47c3-9fd3-35fecf4296b7', 0, current_timestamp, current_timestamp);
insert into QuestionAnswer values('4807f2b6-f63f-43d5-9025-75757cbb992d', '6b7955fe-fb44-4b68-92b5-13aedcce4e76', 'c84a3ac8-d177-47c3-9fd3-35fecf4296b7', 4, current_timestamp, current_timestamp);
insert into QuestionAnswer values('8c0c1336-d18e-4944-8ea8-1c895229ee10', '204814c3-bf71-4b17-9727-c6d435976da6', 'c84a3ac8-d177-47c3-9fd3-35fecf4296b7', 0, current_timestamp, current_timestamp);
insert into QuestionAnswer values('0b002ef2-f7dc-401c-992d-736b9ca9d4b0', 'd118e4c3-08b7-4c8e-95de-81b8715b6f1d', 'c84a3ac8-d177-47c3-9fd3-35fecf4296b7', 0, current_timestamp, current_timestamp);
insert into QuestionAnswer values('5cc87929-b700-4a1a-90a3-b7df0f8b9260', 'db255fa3-e68a-47b3-9651-a7cc95b33689', 'c84a3ac8-d177-47c3-9fd3-35fecf4296b7', 3, current_timestamp, current_timestamp);
insert into QuestionAnswer values('aa842fc5-cc08-4528-a401-cd1ce11ea6b0', '42b30d8f-b8eb-46be-93ee-446f2d1d2706', 'c84a3ac8-d177-47c3-9fd3-35fecf4296b7', 0, current_timestamp, current_timestamp);
insert into QuestionAnswer values('f2545636-5ad0-4a02-81c9-066161c46a08', '69126fb1-3e3f-4741-b6a4-91678103ccfe', 'c84a3ac8-d177-47c3-9fd3-35fecf4296b7', 0, current_timestamp, current_timestamp);
insert into QuestionAnswer values('1243493e-fa72-46e0-9912-65e1113a5fd5', 'a4f7f094-e1ff-4280-aa2f-33e17fb03d07', 'c84a3ac8-d177-47c3-9fd3-35fecf4296b7', 0, current_timestamp, current_timestamp);
insert into QuestionAnswer values('f04c19eb-5e39-4d5d-a256-3af255457a4c', '9f8b49e7-cd35-4115-8e2a-a4bc71ceab78', 'c84a3ac8-d177-47c3-9fd3-35fecf4296b7', 0, current_timestamp, current_timestamp);
insert into QuestionAnswer values('bde9501a-1895-4e93-b3fd-492b029c6940', 'df70cc34-0233-4ed5-89f4-5864507b42a4', 'c84a3ac8-d177-47c3-9fd3-35fecf4296b7', 0, current_timestamp, current_timestamp);
insert into QuestionAnswer values('39d9557e-18ad-4d1c-81cb-4183850ece66', '4b4b663a-bc9c-4eb4-ba80-f86adc0951f9', 'c84a3ac8-d177-47c3-9fd3-35fecf4296b7', 0, current_timestamp, current_timestamp);
insert into QuestionAnswer values('9460816a-96fd-4268-a961-15c1015dfb8b', '231e38c1-fb35-4262-9a80-ea7a4d0a00ba', 'c84a3ac8-d177-47c3-9fd3-35fecf4296b7', 0, current_timestamp, current_timestamp);
insert into QuestionAnswer values('29c26dc7-655e-4bfa-869f-290ff8ffb93c', '57008dea-844d-44c7-8adc-6389295384c7', 'c84a3ac8-d177-47c3-9fd3-35fecf4296b7', 4, current_timestamp, current_timestamp);
insert into QuestionAnswer values('d155c685-1e9d-47c5-871f-813511cfc0ba', 'a214c6f9-029b-444d-82a0-8bc98a044a43', 'c84a3ac8-d177-47c3-9fd3-35fecf4296b7', 4, current_timestamp, current_timestamp);
insert into QuestionAnswer values('12a50e47-5d16-4297-9341-9f835e71c65e', '630e876e-62d7-498b-aae9-f8326e875369', 'c84a3ac8-d177-47c3-9fd3-35fecf4296b7', 0, current_timestamp, current_timestamp);
insert into QuestionAnswer values('5f743840-6f54-4e37-9d32-9ced798f6a6c', '1521cd72-8dc2-463a-8cef-2c8c8166493b', 'c84a3ac8-d177-47c3-9fd3-35fecf4296b7', 0, current_timestamp, current_timestamp);
insert into QuestionAnswer values('1a221a74-c0ad-4963-9934-e34ab7cc0794', '4c411dfd-41e6-4c53-bb7b-37cc54c1c8e8', 'c84a3ac8-d177-47c3-9fd3-35fecf4296b7', 1, current_timestamp, current_timestamp);
insert into QuestionAnswer values('052730e6-07c2-4977-bd13-4548a4c774da', '92bb831c-040f-4686-8acd-f42d8629ba7b', 'c84a3ac8-d177-47c3-9fd3-35fecf4296b7', 0, current_timestamp, current_timestamp);
insert into QuestionAnswer values('b336edfe-b006-42af-9333-c283a80b9912', 'fe8d890a-abea-44fc-92fe-ba3678289387', 'c84a3ac8-d177-47c3-9fd3-35fecf4296b7', 0, current_timestamp, current_timestamp);
insert into QuestionAnswer values('7b9ec089-c214-401c-a6cb-0efaf48e4d31', '4de87bed-0d07-419e-9991-32658cdb0a9d', 'c84a3ac8-d177-47c3-9fd3-35fecf4296b7', 0, current_timestamp, current_timestamp);
insert into QuestionAnswer values('b6a8d4c8-cc69-4e14-8df3-c6c8ccdb8ec6', '7570b82c-a85d-446c-9a92-5c0bb332a8a3', 'c84a3ac8-d177-47c3-9fd3-35fecf4296b7', 0, current_timestamp, current_timestamp);
insert into QuestionAnswer values('17f9f0b9-cf77-44d3-aa13-647706948b9c', 'b8b056d3-228d-4363-8f43-a1fed1da8695', 'c84a3ac8-d177-47c3-9fd3-35fecf4296b7', 4, current_timestamp, current_timestamp);
insert into QuestionAnswer values('5fd7da2a-5570-48cd-bfc9-66ede4cc9fad', '5a08407a-ba00-4be3-bbc6-c50dc256d8f5', 'c84a3ac8-d177-47c3-9fd3-35fecf4296b7', 4, current_timestamp, current_timestamp);
insert into QuestionAnswer values('a9b14e10-cdbf-4ad7-86b6-29e840c2cfc4', 'cac14782-c714-49d4-803d-6bdfb7fb8707', 'c84a3ac8-d177-47c3-9fd3-35fecf4296b7', 4, current_timestamp, current_timestamp);
insert into QuestionAnswer values('a1ff1505-9e90-4451-bef6-738074e0735c', '3d723b44-2db7-4730-af04-6007ae7d2178', 'c84a3ac8-d177-47c3-9fd3-35fecf4296b7', 1, current_timestamp, current_timestamp);
insert into QuestionAnswer values('cf3d9523-b9e1-49e8-9039-f6ad6c493d23', '9a4f51df-c428-4a18-9055-511e0ae7b6d8', 'c84a3ac8-d177-47c3-9fd3-35fecf4296b7', 4, current_timestamp, current_timestamp);
insert into QuestionAnswer values('1ff8776d-cac3-4f41-9998-2df23e7ebe1d', 'fd1edc81-f470-4dbe-95cf-ea6ad5e85cf2', 'c84a3ac8-d177-47c3-9fd3-35fecf4296b7', 1, current_timestamp, current_timestamp);
insert into QuestionAnswer values('b9839797-0518-4ef2-b4e0-4acee606c45a', '6e2740d2-ef18-4564-b8c7-9f7214308f81', 'c84a3ac8-d177-47c3-9fd3-35fecf4296b7', 4, current_timestamp, current_timestamp);
insert into QuestionAnswer values('7a5f4672-e631-43a3-ac6d-54eca202f9bb', '926c446b-9db8-4b9c-a406-ed40dff69e34', 'c84a3ac8-d177-47c3-9fd3-35fecf4296b7', 4, current_timestamp, current_timestamp);
insert into QuestionAnswer values('7c88d9dd-97a3-42ea-9e66-c269696e7abf', 'eaa9530f-bb8c-453f-b634-c8599039e296', 'c84a3ac8-d177-47c3-9fd3-35fecf4296b7', 0, current_timestamp, current_timestamp);
insert into QuestionAnswer values('061801da-54c7-4476-8005-8bf60e023ebd', 'bdc5f279-42bf-491c-b87a-409b3c7bff89', 'c84a3ac8-d177-47c3-9fd3-35fecf4296b7', 4, current_timestamp, current_timestamp);

-- https://smartvote.ch/de/group/2/election/19_ch_nr/db/candidates/44200000872
insert into QuestionAnswer values('bc709e55-c1f5-4b78-b942-84d458fb9432', 'a335650d-06b4-4e92-ba77-d5f8964ceb82', 'cf208589-ec9b-49ea-87e1-bdc1c31ca5fc', 4, current_timestamp, current_timestamp);
insert into QuestionAnswer values('e0a20d26-4af2-405c-9d6f-77acd848b764', '46df8b49-923c-4f91-8362-5196efbb71e2', 'cf208589-ec9b-49ea-87e1-bdc1c31ca5fc', 0, current_timestamp, current_timestamp);
insert into QuestionAnswer values('f9390def-8b45-42d4-9380-d8b0c9945bf0', '5f277258-ba7b-492c-b451-673eaa5957c0', 'cf208589-ec9b-49ea-87e1-bdc1c31ca5fc', 0, current_timestamp, current_timestamp);
insert into QuestionAnswer values('9784a5a7-4e50-4d81-b1ea-860a09e0d44b', '007ebae0-31cb-40fb-93ad-c2f980caee14', 'cf208589-ec9b-49ea-87e1-bdc1c31ca5fc', 3, current_timestamp, current_timestamp);
insert into QuestionAnswer values('cd12c788-ff42-4126-9a5a-782648b2a8d7', '8ae0f13d-e699-4617-a4ba-672e6ccc0edc', 'cf208589-ec9b-49ea-87e1-bdc1c31ca5fc', 4, current_timestamp, current_timestamp);
insert into QuestionAnswer values('9d76c39a-b1b7-4403-8bab-7b009f7e347e', 'dee756b8-f4f2-474a-88f4-e7f4fea7275a', 'cf208589-ec9b-49ea-87e1-bdc1c31ca5fc', 0, current_timestamp, current_timestamp);
insert into QuestionAnswer values('5f580223-5ea7-4aa1-9448-26236d5a2f5e', 'b8ec593e-93b8-4bab-95dd-cfff5c526d54', 'cf208589-ec9b-49ea-87e1-bdc1c31ca5fc', 4, current_timestamp, current_timestamp);
insert into QuestionAnswer values('5e82d2a1-eb6f-4a06-8f8b-fdbcfe49b19b', '6f9db124-e0ae-409d-b943-5be0cbc836e5', 'cf208589-ec9b-49ea-87e1-bdc1c31ca5fc', 0, current_timestamp, current_timestamp);
insert into QuestionAnswer values('5f7a946b-28c6-40a3-aedc-38f4eb84bc4b', '616bf16a-470d-494e-ad8b-b230e80dafb3', 'cf208589-ec9b-49ea-87e1-bdc1c31ca5fc', 0, current_timestamp, current_timestamp);
insert into QuestionAnswer values('9b589930-b702-43ba-b0a7-8f0b7c568633', '6c05b44c-34de-48a4-8d3c-6015b268c456', 'cf208589-ec9b-49ea-87e1-bdc1c31ca5fc', 0, current_timestamp, current_timestamp);
insert into QuestionAnswer values('67a1a938-d9c5-437a-a991-31945c76bf56', '3ac4a61c-f510-4d59-84cc-e957dbeedd8e', 'cf208589-ec9b-49ea-87e1-bdc1c31ca5fc', 3, current_timestamp, current_timestamp);
insert into QuestionAnswer values('0d409ff4-3997-485b-bde1-bf86306d72a7', 'f4f5632d-00ae-4be2-aff8-c83da3c21519', 'cf208589-ec9b-49ea-87e1-bdc1c31ca5fc', 0, current_timestamp, current_timestamp);
insert into QuestionAnswer values('094937a2-8395-472e-a492-bf74c082e10c', '4917d24b-e50c-4fa9-ac12-37a0d298f41f', 'cf208589-ec9b-49ea-87e1-bdc1c31ca5fc', 3, current_timestamp, current_timestamp);
insert into QuestionAnswer values('4ff2c9bf-f7bb-4d3e-bf9d-e2a1172dca26', 'aee92954-3fab-449d-bc56-7ec47df873cb', 'cf208589-ec9b-49ea-87e1-bdc1c31ca5fc', 0, current_timestamp, current_timestamp);
insert into QuestionAnswer values('4e0b4ad9-b419-4043-8266-6ac99ebc560d', '19d57226-91df-4c5a-92f4-7b7d774ea8c4', 'cf208589-ec9b-49ea-87e1-bdc1c31ca5fc', 0, current_timestamp, current_timestamp);
insert into QuestionAnswer values('2778411c-bdec-49fe-9ab8-2becd6ef6906', '81f2e7c9-6871-44e3-a432-b0fd050dd187', 'cf208589-ec9b-49ea-87e1-bdc1c31ca5fc', 0, current_timestamp, current_timestamp);
insert into QuestionAnswer values('369e3cd7-8d37-441f-836a-eb67bc927344', '377a4b78-e58a-4d13-875f-817cd1693ece', 'cf208589-ec9b-49ea-87e1-bdc1c31ca5fc', 4, current_timestamp, current_timestamp);
insert into QuestionAnswer values('8176f6d2-1502-436b-9e6d-aa0eedc60882', '54e790a7-9741-408e-9327-3377df0e9b6e', 'cf208589-ec9b-49ea-87e1-bdc1c31ca5fc', 0, current_timestamp, current_timestamp);
insert into QuestionAnswer values('fb7f01d7-25cf-4094-b99c-32ee08ba115b', '5dce5233-88d5-4b52-94de-6465ace4be98', 'cf208589-ec9b-49ea-87e1-bdc1c31ca5fc', 4, current_timestamp, current_timestamp);
insert into QuestionAnswer values('8d4ee423-67ea-42e5-93d0-e6afd4d23a7a', '63aa0cb7-202d-4c54-85ae-051e8249115d', 'cf208589-ec9b-49ea-87e1-bdc1c31ca5fc', 4, current_timestamp, current_timestamp);
insert into QuestionAnswer values('f13b988c-59dd-4f13-8f82-6389953ea64a', 'fb59e236-0633-46ca-a8b5-c0d7596ee10e', 'cf208589-ec9b-49ea-87e1-bdc1c31ca5fc', 0, current_timestamp, current_timestamp);
insert into QuestionAnswer values('65fc4085-4f10-4765-a275-0713d4215060', '154147b7-aff2-4ff1-89cf-fcd6616ca6d2', 'cf208589-ec9b-49ea-87e1-bdc1c31ca5fc', 0, current_timestamp, current_timestamp);
insert into QuestionAnswer values('4409bf38-10b7-4239-b2b4-9ef6f18dd640', '6e8b2868-8094-46d3-95be-2397eb9d5237', 'cf208589-ec9b-49ea-87e1-bdc1c31ca5fc', 0, current_timestamp, current_timestamp);
insert into QuestionAnswer values('e4d18de2-7015-4bf3-ab27-94622af6fcfd', '112cc8ee-b996-4b19-9192-9e82b92aae94', 'cf208589-ec9b-49ea-87e1-bdc1c31ca5fc', 0, current_timestamp, current_timestamp);
insert into QuestionAnswer values('ace5783a-0370-4673-873d-7f09fdc2efb3', '60c4bebf-411f-456f-9eab-5afd98fde9c7', 'cf208589-ec9b-49ea-87e1-bdc1c31ca5fc', 0, current_timestamp, current_timestamp);
insert into QuestionAnswer values('dd63db3c-4f6d-440a-821b-2a7b149cbf4f', 'c393d2b5-6e50-4d7a-ad40-e112851e0711', 'cf208589-ec9b-49ea-87e1-bdc1c31ca5fc', 0, current_timestamp, current_timestamp);
insert into QuestionAnswer values('087d8ec8-a09c-43b8-a0e6-3b8fb5dd9768', '38630605-5c28-4b5c-b042-93c43bf23ebc', 'cf208589-ec9b-49ea-87e1-bdc1c31ca5fc', 4, current_timestamp, current_timestamp);
insert into QuestionAnswer values('84efa5ec-338b-444e-8644-dfa0049dba79', 'cc721727-53e6-4b1c-9d85-c97c46b5422e', 'cf208589-ec9b-49ea-87e1-bdc1c31ca5fc', 4, current_timestamp, current_timestamp);
insert into QuestionAnswer values('147926c2-189c-45d6-9514-3e7e60cd97d6', 'ccb39a89-f63e-4537-90cd-e3186178ae1f', 'cf208589-ec9b-49ea-87e1-bdc1c31ca5fc', 0, current_timestamp, current_timestamp);
insert into QuestionAnswer values('b6db655f-f8bb-4cdc-b194-bd351f47ffb5', 'b34bfec1-ee6c-46bc-9d52-99e90b59fe12', 'cf208589-ec9b-49ea-87e1-bdc1c31ca5fc', 0, current_timestamp, current_timestamp);
insert into QuestionAnswer values('84a1bf0f-64af-4f3f-8c1a-946d8e3ccea9', '6b7955fe-fb44-4b68-92b5-13aedcce4e76', 'cf208589-ec9b-49ea-87e1-bdc1c31ca5fc', 4, current_timestamp, current_timestamp);
insert into QuestionAnswer values('8f1d0e47-253a-45a6-b5b3-c3045afddb59', '204814c3-bf71-4b17-9727-c6d435976da6', 'cf208589-ec9b-49ea-87e1-bdc1c31ca5fc', 0, current_timestamp, current_timestamp);
insert into QuestionAnswer values('5e51fcc9-9297-4660-8afa-6f5e2537aa80', 'd118e4c3-08b7-4c8e-95de-81b8715b6f1d', 'cf208589-ec9b-49ea-87e1-bdc1c31ca5fc', 0, current_timestamp, current_timestamp);
insert into QuestionAnswer values('999f7e4e-7706-41b2-b0c7-703d1626d979', 'db255fa3-e68a-47b3-9651-a7cc95b33689', 'cf208589-ec9b-49ea-87e1-bdc1c31ca5fc', 4, current_timestamp, current_timestamp);
insert into QuestionAnswer values('42f44fca-014d-4fc5-890a-e5b143c89733', '42b30d8f-b8eb-46be-93ee-446f2d1d2706', 'cf208589-ec9b-49ea-87e1-bdc1c31ca5fc', 0, current_timestamp, current_timestamp);
insert into QuestionAnswer values('d44869a8-9d08-4cee-b6ad-7cf6b7cdb71e', '69126fb1-3e3f-4741-b6a4-91678103ccfe', 'cf208589-ec9b-49ea-87e1-bdc1c31ca5fc', 0, current_timestamp, current_timestamp);
insert into QuestionAnswer values('95d58b39-944e-4420-9c3c-46fbb153e959', 'a4f7f094-e1ff-4280-aa2f-33e17fb03d07', 'cf208589-ec9b-49ea-87e1-bdc1c31ca5fc', 3, current_timestamp, current_timestamp);
insert into QuestionAnswer values('8075990a-86ea-4332-88f0-09e152b1323c', '9f8b49e7-cd35-4115-8e2a-a4bc71ceab78', 'cf208589-ec9b-49ea-87e1-bdc1c31ca5fc', 0, current_timestamp, current_timestamp);
insert into QuestionAnswer values('6eebf5f6-b04b-4486-aadb-68fc01584d61', 'df70cc34-0233-4ed5-89f4-5864507b42a4', 'cf208589-ec9b-49ea-87e1-bdc1c31ca5fc', 0, current_timestamp, current_timestamp);
insert into QuestionAnswer values('58368df1-bb3a-400e-8955-a658140153f3', '4b4b663a-bc9c-4eb4-ba80-f86adc0951f9', 'cf208589-ec9b-49ea-87e1-bdc1c31ca5fc', 0, current_timestamp, current_timestamp);
insert into QuestionAnswer values('29ec8823-66ae-46f1-8207-0618b876bdd2', '231e38c1-fb35-4262-9a80-ea7a4d0a00ba', 'cf208589-ec9b-49ea-87e1-bdc1c31ca5fc', 0, current_timestamp, current_timestamp);
insert into QuestionAnswer values('b8ba0233-0de5-4d3b-b4e9-470a0051f826', '57008dea-844d-44c7-8adc-6389295384c7', 'cf208589-ec9b-49ea-87e1-bdc1c31ca5fc', 4, current_timestamp, current_timestamp);
insert into QuestionAnswer values('61d82376-e7c2-429b-aa5f-8a1c5d8b4bb3', 'a214c6f9-029b-444d-82a0-8bc98a044a43', 'cf208589-ec9b-49ea-87e1-bdc1c31ca5fc', 0, current_timestamp, current_timestamp);
insert into QuestionAnswer values('8565a83d-ed81-4236-9c05-a6ed3fb90af9', '630e876e-62d7-498b-aae9-f8326e875369', 'cf208589-ec9b-49ea-87e1-bdc1c31ca5fc', 4, current_timestamp, current_timestamp);
insert into QuestionAnswer values('f6706e6e-06ad-4e67-99bc-de7b7d255546', '1521cd72-8dc2-463a-8cef-2c8c8166493b', 'cf208589-ec9b-49ea-87e1-bdc1c31ca5fc', 0, current_timestamp, current_timestamp);
insert into QuestionAnswer values('07f520f0-2235-4524-bac3-2f092abc4e1a', '4c411dfd-41e6-4c53-bb7b-37cc54c1c8e8', 'cf208589-ec9b-49ea-87e1-bdc1c31ca5fc', 0, current_timestamp, current_timestamp);
insert into QuestionAnswer values('b9aacc1d-09b9-413d-9a90-2c00794d7901', '92bb831c-040f-4686-8acd-f42d8629ba7b', 'cf208589-ec9b-49ea-87e1-bdc1c31ca5fc', 0, current_timestamp, current_timestamp);
insert into QuestionAnswer values('54792cb3-ae53-4a11-8a07-ac3db781c83a', 'fe8d890a-abea-44fc-92fe-ba3678289387', 'cf208589-ec9b-49ea-87e1-bdc1c31ca5fc', 0, current_timestamp, current_timestamp);
insert into QuestionAnswer values('31f26b53-1187-492c-9463-b8c98fad83d9', '4de87bed-0d07-419e-9991-32658cdb0a9d', 'cf208589-ec9b-49ea-87e1-bdc1c31ca5fc', 0, current_timestamp, current_timestamp);
insert into QuestionAnswer values('9fbe7d07-5b15-4442-8b81-d1f73b42c2c7', '7570b82c-a85d-446c-9a92-5c0bb332a8a3', 'cf208589-ec9b-49ea-87e1-bdc1c31ca5fc', 1, current_timestamp, current_timestamp);
insert into QuestionAnswer values('6d0ca421-ab88-4bc2-a98d-70babd6653a9', 'b8b056d3-228d-4363-8f43-a1fed1da8695', 'cf208589-ec9b-49ea-87e1-bdc1c31ca5fc', 0, current_timestamp, current_timestamp);
insert into QuestionAnswer values('eaab7086-d45b-4feb-a171-08e436be662e', '5a08407a-ba00-4be3-bbc6-c50dc256d8f5', 'cf208589-ec9b-49ea-87e1-bdc1c31ca5fc', 4, current_timestamp, current_timestamp);
insert into QuestionAnswer values('cd15c6cd-4d96-40e7-8d04-7be3fbde5318', 'cac14782-c714-49d4-803d-6bdfb7fb8707', 'cf208589-ec9b-49ea-87e1-bdc1c31ca5fc', 0, current_timestamp, current_timestamp);
insert into QuestionAnswer values('d25dbba5-b352-4bb7-9579-e9014a1f6aaf', '3d723b44-2db7-4730-af04-6007ae7d2178', 'cf208589-ec9b-49ea-87e1-bdc1c31ca5fc', 0, current_timestamp, current_timestamp);
insert into QuestionAnswer values('efd09d71-1864-4141-a560-576777ad17cb', '9a4f51df-c428-4a18-9055-511e0ae7b6d8', 'cf208589-ec9b-49ea-87e1-bdc1c31ca5fc', 4, current_timestamp, current_timestamp);
insert into QuestionAnswer values('3d36ef8e-6a3d-4bab-b31b-e8b3ac77c9a6', 'fd1edc81-f470-4dbe-95cf-ea6ad5e85cf2', 'cf208589-ec9b-49ea-87e1-bdc1c31ca5fc', 3, current_timestamp, current_timestamp);
insert into QuestionAnswer values('592fc869-5d48-4e17-b758-e119042e38dd', '6e2740d2-ef18-4564-b8c7-9f7214308f81', 'cf208589-ec9b-49ea-87e1-bdc1c31ca5fc', 0, current_timestamp, current_timestamp);
insert into QuestionAnswer values('c144dede-4705-4aa0-8361-782ac418872d', '926c446b-9db8-4b9c-a406-ed40dff69e34', 'cf208589-ec9b-49ea-87e1-bdc1c31ca5fc', 4, current_timestamp, current_timestamp);
insert into QuestionAnswer values('2c9b21c1-f4e9-46bc-9cfd-72e23c7cb24b', 'eaa9530f-bb8c-453f-b634-c8599039e296', 'cf208589-ec9b-49ea-87e1-bdc1c31ca5fc', 0, current_timestamp, current_timestamp);
insert into QuestionAnswer values('bd83c14c-edb2-4268-972a-ac11333694b0', 'bdc5f279-42bf-491c-b87a-409b3c7bff89', 'cf208589-ec9b-49ea-87e1-bdc1c31ca5fc', 0, current_timestamp, current_timestamp);

-- based on https://smartvote.ch/de/group/2/election/19_ch_nr/db/candidates/44200003006
insert into QuestionAnswer values('cfc09597-dcdb-47e3-bcc3-e4daf93ebbf4', 'a335650d-06b4-4e92-ba77-d5f8964ceb82', '3fd910a0-57c0-4259-85c9-538b711bfb99', 4, current_timestamp, current_timestamp);
insert into QuestionAnswer values('f2968818-9c97-4b77-b38e-de59a166d110', '46df8b49-923c-4f91-8362-5196efbb71e2', '3fd910a0-57c0-4259-85c9-538b711bfb99', 0, current_timestamp, current_timestamp);
insert into QuestionAnswer values('993a9097-baf4-4320-abf0-b34b5c869f8f', '5f277258-ba7b-492c-b451-673eaa5957c0', '3fd910a0-57c0-4259-85c9-538b711bfb99', 0, current_timestamp, current_timestamp);
insert into QuestionAnswer values('7169c6a2-77dd-43fa-a956-b6efe5feb466', '007ebae0-31cb-40fb-93ad-c2f980caee14', '3fd910a0-57c0-4259-85c9-538b711bfb99', 4, current_timestamp, current_timestamp);
insert into QuestionAnswer values('6f61e76d-9604-4a8e-a3ad-dec5ce8e7004', '8ae0f13d-e699-4617-a4ba-672e6ccc0edc', '3fd910a0-57c0-4259-85c9-538b711bfb99', 4, current_timestamp, current_timestamp);
insert into QuestionAnswer values('18a2b5cc-1eba-49a4-92d3-6e936ecff4a5', 'dee756b8-f4f2-474a-88f4-e7f4fea7275a', '3fd910a0-57c0-4259-85c9-538b711bfb99', 0, current_timestamp, current_timestamp);
insert into QuestionAnswer values('a3c297f2-046d-42ef-ae1e-158beda56cbb', 'b8ec593e-93b8-4bab-95dd-cfff5c526d54', '3fd910a0-57c0-4259-85c9-538b711bfb99', 4, current_timestamp, current_timestamp);
insert into QuestionAnswer values('b70a48a9-6116-406c-bba4-21009ed847d1', '6f9db124-e0ae-409d-b943-5be0cbc836e5', '3fd910a0-57c0-4259-85c9-538b711bfb99', 1, current_timestamp, current_timestamp);
insert into QuestionAnswer values('93ae54b4-4036-44dd-9adf-44905f7df22f', '616bf16a-470d-494e-ad8b-b230e80dafb3', '3fd910a0-57c0-4259-85c9-538b711bfb99', 3, current_timestamp, current_timestamp);
insert into QuestionAnswer values('11d82317-cabe-4aaf-8036-31de7c9fd6c3', '6c05b44c-34de-48a4-8d3c-6015b268c456', '3fd910a0-57c0-4259-85c9-538b711bfb99', 0, current_timestamp, current_timestamp);
insert into QuestionAnswer values('9856e052-4e60-497e-bfed-5f138f520822', '3ac4a61c-f510-4d59-84cc-e957dbeedd8e', '3fd910a0-57c0-4259-85c9-538b711bfb99', 4, current_timestamp, current_timestamp);
insert into QuestionAnswer values('035de15f-4597-4a88-b9d3-86993aa78090', 'f4f5632d-00ae-4be2-aff8-c83da3c21519', '3fd910a0-57c0-4259-85c9-538b711bfb99', 0, current_timestamp, current_timestamp);
insert into QuestionAnswer values('1724eab9-62d5-463b-af5f-ae32e4e39082', '4917d24b-e50c-4fa9-ac12-37a0d298f41f', '3fd910a0-57c0-4259-85c9-538b711bfb99', 3, current_timestamp, current_timestamp);
insert into QuestionAnswer values('ed3e9b10-f9ee-4699-b079-42f89e8ea5c5', 'aee92954-3fab-449d-bc56-7ec47df873cb', '3fd910a0-57c0-4259-85c9-538b711bfb99', 0, current_timestamp, current_timestamp);
insert into QuestionAnswer values('64a31f36-c416-4de9-bcef-1fa800598576', '19d57226-91df-4c5a-92f4-7b7d774ea8c4', '3fd910a0-57c0-4259-85c9-538b711bfb99', 0, current_timestamp, current_timestamp);
insert into QuestionAnswer values('2259c511-621e-4e69-ba6a-cd84683f6218', '81f2e7c9-6871-44e3-a432-b0fd050dd187', '3fd910a0-57c0-4259-85c9-538b711bfb99', 0, current_timestamp, current_timestamp);
insert into QuestionAnswer values('a3912dd1-4c7c-4a23-80de-3b94f72bca8a', '377a4b78-e58a-4d13-875f-817cd1693ece', '3fd910a0-57c0-4259-85c9-538b711bfb99', 4, current_timestamp, current_timestamp);
insert into QuestionAnswer values('3dd65cd2-7d4d-4d7d-b54a-4da3952c7372', '54e790a7-9741-408e-9327-3377df0e9b6e', '3fd910a0-57c0-4259-85c9-538b711bfb99', 0, current_timestamp, current_timestamp);
insert into QuestionAnswer values('887caf3e-0c77-49d1-9137-11f52479fcb9', '5dce5233-88d5-4b52-94de-6465ace4be98', '3fd910a0-57c0-4259-85c9-538b711bfb99', 4, current_timestamp, current_timestamp);
insert into QuestionAnswer values('1845140f-d64b-4669-801a-72f9b8c7f300', '63aa0cb7-202d-4c54-85ae-051e8249115d', '3fd910a0-57c0-4259-85c9-538b711bfb99', 4, current_timestamp, current_timestamp);
insert into QuestionAnswer values('d789ff19-74e1-4963-9a54-f8389e81504e', 'fb59e236-0633-46ca-a8b5-c0d7596ee10e', '3fd910a0-57c0-4259-85c9-538b711bfb99', 0, current_timestamp, current_timestamp);
insert into QuestionAnswer values('4e7dd605-e234-4164-8426-b0fb220c2d64', '154147b7-aff2-4ff1-89cf-fcd6616ca6d2', '3fd910a0-57c0-4259-85c9-538b711bfb99', 3, current_timestamp, current_timestamp);
insert into QuestionAnswer values('f3647b8c-9ccd-4931-be7d-5c532be902b3', '6e8b2868-8094-46d3-95be-2397eb9d5237', '3fd910a0-57c0-4259-85c9-538b711bfb99', 0, current_timestamp, current_timestamp);
insert into QuestionAnswer values('5830fef5-e1db-4b87-8257-406af290383c', '112cc8ee-b996-4b19-9192-9e82b92aae94', '3fd910a0-57c0-4259-85c9-538b711bfb99', 3, current_timestamp, current_timestamp);
insert into QuestionAnswer values('904afd26-3f79-4182-9675-b65e22f5b969', '60c4bebf-411f-456f-9eab-5afd98fde9c7', '3fd910a0-57c0-4259-85c9-538b711bfb99', 0, current_timestamp, current_timestamp);
insert into QuestionAnswer values('3eee5c02-40d5-469d-84ab-90619435753d', 'c393d2b5-6e50-4d7a-ad40-e112851e0711', '3fd910a0-57c0-4259-85c9-538b711bfb99', 1, current_timestamp, current_timestamp);
insert into QuestionAnswer values('832c44df-a4e6-46c5-8153-df1908518b2e', '38630605-5c28-4b5c-b042-93c43bf23ebc', '3fd910a0-57c0-4259-85c9-538b711bfb99', 4, current_timestamp, current_timestamp);
insert into QuestionAnswer values('e568f702-6114-404a-b026-520edffb8a3b', 'cc721727-53e6-4b1c-9d85-c97c46b5422e', '3fd910a0-57c0-4259-85c9-538b711bfb99', 4, current_timestamp, current_timestamp);
insert into QuestionAnswer values('c2c97d69-6f59-416d-84fb-eca31b5e66a0', 'ccb39a89-f63e-4537-90cd-e3186178ae1f', '3fd910a0-57c0-4259-85c9-538b711bfb99', 0, current_timestamp, current_timestamp);
insert into QuestionAnswer values('172f8e98-6b32-43d5-abf5-ce6af684e3a0', 'b34bfec1-ee6c-46bc-9d52-99e90b59fe12', '3fd910a0-57c0-4259-85c9-538b711bfb99', 0, current_timestamp, current_timestamp);
insert into QuestionAnswer values('d0223c1d-1c3e-4990-ab96-80365ae7644e', '6b7955fe-fb44-4b68-92b5-13aedcce4e76', '3fd910a0-57c0-4259-85c9-538b711bfb99', 4, current_timestamp, current_timestamp);
insert into QuestionAnswer values('509b0522-04c6-437b-bb15-ccf53b5f4af4', '204814c3-bf71-4b17-9727-c6d435976da6', '3fd910a0-57c0-4259-85c9-538b711bfb99', 0, current_timestamp, current_timestamp);
insert into QuestionAnswer values('dacb84a5-3375-4c4f-9ce6-e47254ff6392', 'd118e4c3-08b7-4c8e-95de-81b8715b6f1d', '3fd910a0-57c0-4259-85c9-538b711bfb99', 0, current_timestamp, current_timestamp);
insert into QuestionAnswer values('0c022f67-c52b-4814-a3d2-134b7e9ce79c', 'db255fa3-e68a-47b3-9651-a7cc95b33689', '3fd910a0-57c0-4259-85c9-538b711bfb99', 4, current_timestamp, current_timestamp);
insert into QuestionAnswer values('a8dc1ff4-9561-4c6f-98c8-9e81a0ac476f', '42b30d8f-b8eb-46be-93ee-446f2d1d2706', '3fd910a0-57c0-4259-85c9-538b711bfb99', 0, current_timestamp, current_timestamp);
insert into QuestionAnswer values('136b6d14-1124-4e20-aedd-95b3f5f0bee9', '69126fb1-3e3f-4741-b6a4-91678103ccfe', '3fd910a0-57c0-4259-85c9-538b711bfb99', 0, current_timestamp, current_timestamp);
insert into QuestionAnswer values('f320a39c-c4af-448f-8e25-310a29754286', 'a4f7f094-e1ff-4280-aa2f-33e17fb03d07', '3fd910a0-57c0-4259-85c9-538b711bfb99', 3, current_timestamp, current_timestamp);
insert into QuestionAnswer values('b44a68cd-72e0-40de-8709-3d5666e6e571', '9f8b49e7-cd35-4115-8e2a-a4bc71ceab78', '3fd910a0-57c0-4259-85c9-538b711bfb99', 0, current_timestamp, current_timestamp);
insert into QuestionAnswer values('743ed668-dd47-4d55-98d9-5d712740198d', 'df70cc34-0233-4ed5-89f4-5864507b42a4', '3fd910a0-57c0-4259-85c9-538b711bfb99', 0, current_timestamp, current_timestamp);
insert into QuestionAnswer values('c6994e69-c95c-4308-a656-8e901c3d54d2', '4b4b663a-bc9c-4eb4-ba80-f86adc0951f9', '3fd910a0-57c0-4259-85c9-538b711bfb99', 0, current_timestamp, current_timestamp);
insert into QuestionAnswer values('f60a2c6d-8d6d-471e-8e6a-9810275de942', '231e38c1-fb35-4262-9a80-ea7a4d0a00ba', '3fd910a0-57c0-4259-85c9-538b711bfb99', 0, current_timestamp, current_timestamp);
insert into QuestionAnswer values('2d760a97-0dbe-4238-965d-82db51d1db41', '57008dea-844d-44c7-8adc-6389295384c7', '3fd910a0-57c0-4259-85c9-538b711bfb99', 4, current_timestamp, current_timestamp);
insert into QuestionAnswer values('6bf1b6f4-a170-4008-9fc6-31a5296c59e4', 'a214c6f9-029b-444d-82a0-8bc98a044a43', '3fd910a0-57c0-4259-85c9-538b711bfb99', 4, current_timestamp, current_timestamp);
insert into QuestionAnswer values('1c3f652e-cf59-485a-a998-b61b203975f9', '630e876e-62d7-498b-aae9-f8326e875369', '3fd910a0-57c0-4259-85c9-538b711bfb99', 4, current_timestamp, current_timestamp);
insert into QuestionAnswer values('7e20d22d-ffff-4ee1-a055-520d4fc97cdd', '1521cd72-8dc2-463a-8cef-2c8c8166493b', '3fd910a0-57c0-4259-85c9-538b711bfb99', 0, current_timestamp, current_timestamp);
insert into QuestionAnswer values('4070f74c-284f-45a3-ac8d-fd2fe3105edb', '4c411dfd-41e6-4c53-bb7b-37cc54c1c8e8', '3fd910a0-57c0-4259-85c9-538b711bfb99', 0, current_timestamp, current_timestamp);
insert into QuestionAnswer values('0e698cdc-10d6-40a3-9196-2b904e86629e', '92bb831c-040f-4686-8acd-f42d8629ba7b', '3fd910a0-57c0-4259-85c9-538b711bfb99', 0, current_timestamp, current_timestamp);
insert into QuestionAnswer values('9316c059-c099-46c0-bb74-bafb639d42a9', 'fe8d890a-abea-44fc-92fe-ba3678289387', '3fd910a0-57c0-4259-85c9-538b711bfb99', 0, current_timestamp, current_timestamp);
insert into QuestionAnswer values('6710f81e-2476-4c63-a74f-3d357506f5e7', '4de87bed-0d07-419e-9991-32658cdb0a9d', '3fd910a0-57c0-4259-85c9-538b711bfb99', 0, current_timestamp, current_timestamp);
insert into QuestionAnswer values('71a46908-5e40-4ab1-8222-66754338aa1f', '7570b82c-a85d-446c-9a92-5c0bb332a8a3', '3fd910a0-57c0-4259-85c9-538b711bfb99', 3, current_timestamp, current_timestamp);
insert into QuestionAnswer values('d5c176ca-6dbd-451e-b143-87ccf6879d20', 'b8b056d3-228d-4363-8f43-a1fed1da8695', '3fd910a0-57c0-4259-85c9-538b711bfb99', 1, current_timestamp, current_timestamp);
insert into QuestionAnswer values('f471d91f-37a6-455c-b307-4dd7d94ed37f', '5a08407a-ba00-4be3-bbc6-c50dc256d8f5', '3fd910a0-57c0-4259-85c9-538b711bfb99', 4, current_timestamp, current_timestamp);
insert into QuestionAnswer values('6d43eb1e-eb0e-4911-a823-5c2a950c3b2a', 'cac14782-c714-49d4-803d-6bdfb7fb8707', '3fd910a0-57c0-4259-85c9-538b711bfb99', 0, current_timestamp, current_timestamp);
insert into QuestionAnswer values('56469de2-663b-4d90-9e8a-4691e9574768', '3d723b44-2db7-4730-af04-6007ae7d2178', '3fd910a0-57c0-4259-85c9-538b711bfb99', 0, current_timestamp, current_timestamp);
insert into QuestionAnswer values('4587ccef-62d9-42bc-8f8a-0975f7ab93b6', '9a4f51df-c428-4a18-9055-511e0ae7b6d8', '3fd910a0-57c0-4259-85c9-538b711bfb99', 4, current_timestamp, current_timestamp);
insert into QuestionAnswer values('d02380e4-684c-4498-8327-0a483be5edd8', 'fd1edc81-f470-4dbe-95cf-ea6ad5e85cf2', '3fd910a0-57c0-4259-85c9-538b711bfb99', 3, current_timestamp, current_timestamp);
insert into QuestionAnswer values('2df8c971-55e6-4ccb-b34d-2602ed05e3f2', '6e2740d2-ef18-4564-b8c7-9f7214308f81', '3fd910a0-57c0-4259-85c9-538b711bfb99', 1, current_timestamp, current_timestamp);
insert into QuestionAnswer values('740f373e-5367-4eb7-9c91-c97b40676d39', '926c446b-9db8-4b9c-a406-ed40dff69e34', '3fd910a0-57c0-4259-85c9-538b711bfb99', 4, current_timestamp, current_timestamp);
insert into QuestionAnswer values('64e08666-d53d-4e53-a063-b0c82f3c4a7f', 'eaa9530f-bb8c-453f-b634-c8599039e296', '3fd910a0-57c0-4259-85c9-538b711bfb99', 0, current_timestamp, current_timestamp);
insert into QuestionAnswer values('ad8b07fb-3057-4af8-a2e4-9ac961e27eb3', 'bdc5f279-42bf-491c-b87a-409b3c7bff89', '3fd910a0-57c0-4259-85c9-538b711bfb99', 0, current_timestamp, current_timestamp);

-- based on https://smartvote.ch/de/group/2/election/19_ch_nr/db/candidates/44200004120
insert into QuestionAnswer values('bf8cab26-5274-4076-9704-b545734c4bd7', 'a335650d-06b4-4e92-ba77-d5f8964ceb82', '0069d8b1-47c7-4b78-b551-8f0347e43a1c', 3, current_timestamp, current_timestamp);
insert into QuestionAnswer values('c4901d9c-720e-4821-af3e-a8073bdfdebc', '46df8b49-923c-4f91-8362-5196efbb71e2', '0069d8b1-47c7-4b78-b551-8f0347e43a1c', 0, current_timestamp, current_timestamp);
insert into QuestionAnswer values('6c0bece3-7aaf-48f2-856a-d40772c2b081', '5f277258-ba7b-492c-b451-673eaa5957c0', '0069d8b1-47c7-4b78-b551-8f0347e43a1c', 0, current_timestamp, current_timestamp);
insert into QuestionAnswer values('7e0d4833-c76e-46dd-b4ea-7aeaee17db94', '007ebae0-31cb-40fb-93ad-c2f980caee14', '0069d8b1-47c7-4b78-b551-8f0347e43a1c', 4, current_timestamp, current_timestamp);
insert into QuestionAnswer values('2f4970fe-cfc0-46b9-8771-e376646ad57c', '8ae0f13d-e699-4617-a4ba-672e6ccc0edc', '0069d8b1-47c7-4b78-b551-8f0347e43a1c', 4, current_timestamp, current_timestamp);
insert into QuestionAnswer values('2744559d-3963-4538-a490-e9edd2d04bf1', 'dee756b8-f4f2-474a-88f4-e7f4fea7275a', '0069d8b1-47c7-4b78-b551-8f0347e43a1c', 0, current_timestamp, current_timestamp);
insert into QuestionAnswer values('d880db50-38d5-414b-aaa1-1a423b5096fb', 'b8ec593e-93b8-4bab-95dd-cfff5c526d54', '0069d8b1-47c7-4b78-b551-8f0347e43a1c', 4, current_timestamp, current_timestamp);
insert into QuestionAnswer values('12c505b7-6548-420e-bced-1e6d3f15f959', '6f9db124-e0ae-409d-b943-5be0cbc836e5', '0069d8b1-47c7-4b78-b551-8f0347e43a1c', 0, current_timestamp, current_timestamp);
insert into QuestionAnswer values('100787ae-dd1e-4fdb-86a1-91daa7d1890c', '616bf16a-470d-494e-ad8b-b230e80dafb3', '0069d8b1-47c7-4b78-b551-8f0347e43a1c', 0, current_timestamp, current_timestamp);
insert into QuestionAnswer values('8e6322c1-6433-4a83-b4e3-1ff7190f8700', '6c05b44c-34de-48a4-8d3c-6015b268c456', '0069d8b1-47c7-4b78-b551-8f0347e43a1c', 0, current_timestamp, current_timestamp);
insert into QuestionAnswer values('26c2f817-d298-43e3-b846-584531ed4741', '3ac4a61c-f510-4d59-84cc-e957dbeedd8e', '0069d8b1-47c7-4b78-b551-8f0347e43a1c', 4, current_timestamp, current_timestamp);
insert into QuestionAnswer values('372cb54d-07d5-4b52-ab54-0ffd0a3216b5', 'f4f5632d-00ae-4be2-aff8-c83da3c21519', '0069d8b1-47c7-4b78-b551-8f0347e43a1c', 0, current_timestamp, current_timestamp);
insert into QuestionAnswer values('51797b7b-b043-497d-927c-75c880e7c418', '4917d24b-e50c-4fa9-ac12-37a0d298f41f', '0069d8b1-47c7-4b78-b551-8f0347e43a1c', 4, current_timestamp, current_timestamp);
insert into QuestionAnswer values('5bc0bd80-4476-46b0-b051-4401f5687611', 'aee92954-3fab-449d-bc56-7ec47df873cb', '0069d8b1-47c7-4b78-b551-8f0347e43a1c', 0, current_timestamp, current_timestamp);
insert into QuestionAnswer values('b069505e-2e94-46e7-a7c5-26a16a1e3bf6', '19d57226-91df-4c5a-92f4-7b7d774ea8c4', '0069d8b1-47c7-4b78-b551-8f0347e43a1c', 3, current_timestamp, current_timestamp);
insert into QuestionAnswer values('4721d1bb-955d-4c69-9144-88f0a1f6ded7', '81f2e7c9-6871-44e3-a432-b0fd050dd187', '0069d8b1-47c7-4b78-b551-8f0347e43a1c', 0, current_timestamp, current_timestamp);
insert into QuestionAnswer values('48b79dbb-bd57-4e49-87ff-a7c54fb9b586', '377a4b78-e58a-4d13-875f-817cd1693ece', '0069d8b1-47c7-4b78-b551-8f0347e43a1c', 4, current_timestamp, current_timestamp);
insert into QuestionAnswer values('e65955e6-1348-4570-95f8-a7fdc9291257', '54e790a7-9741-408e-9327-3377df0e9b6e', '0069d8b1-47c7-4b78-b551-8f0347e43a1c', 0, current_timestamp, current_timestamp);
insert into QuestionAnswer values('e3505299-9b69-4b2f-9505-a8e4c4a94209', '5dce5233-88d5-4b52-94de-6465ace4be98', '0069d8b1-47c7-4b78-b551-8f0347e43a1c', 4, current_timestamp, current_timestamp);
insert into QuestionAnswer values('dfd4fe28-8d04-4e65-b4f0-16e3ba61fd00', '63aa0cb7-202d-4c54-85ae-051e8249115d', '0069d8b1-47c7-4b78-b551-8f0347e43a1c', 4, current_timestamp, current_timestamp);
insert into QuestionAnswer values('65391ff6-b719-4870-b0a7-52bb24925b51', 'fb59e236-0633-46ca-a8b5-c0d7596ee10e', '0069d8b1-47c7-4b78-b551-8f0347e43a1c', 0, current_timestamp, current_timestamp);
insert into QuestionAnswer values('9c54229a-99ae-4841-856e-6038eade3742', '154147b7-aff2-4ff1-89cf-fcd6616ca6d2', '0069d8b1-47c7-4b78-b551-8f0347e43a1c', 0, current_timestamp, current_timestamp);
insert into QuestionAnswer values('03fffd69-fa8e-4491-99fb-958a6451d82a', '6e8b2868-8094-46d3-95be-2397eb9d5237', '0069d8b1-47c7-4b78-b551-8f0347e43a1c', 0, current_timestamp, current_timestamp);
insert into QuestionAnswer values('86a511dd-7995-4725-9397-c0832f08bccb', '112cc8ee-b996-4b19-9192-9e82b92aae94', '0069d8b1-47c7-4b78-b551-8f0347e43a1c', 1, current_timestamp, current_timestamp);
insert into QuestionAnswer values('47a8c1a7-6781-45d6-ba00-98136aa72b69', '60c4bebf-411f-456f-9eab-5afd98fde9c7', '0069d8b1-47c7-4b78-b551-8f0347e43a1c', 0, current_timestamp, current_timestamp);
insert into QuestionAnswer values('c78219f8-b9bd-4502-b369-2e18dacc00c5', 'c393d2b5-6e50-4d7a-ad40-e112851e0711', '0069d8b1-47c7-4b78-b551-8f0347e43a1c', 1, current_timestamp, current_timestamp);
insert into QuestionAnswer values('2426ca7d-5886-4785-9f0a-a1be0a33f208', '38630605-5c28-4b5c-b042-93c43bf23ebc', '0069d8b1-47c7-4b78-b551-8f0347e43a1c', 4, current_timestamp, current_timestamp);
insert into QuestionAnswer values('4c7d6a20-89c4-483e-8e6e-fca567c698f3', 'cc721727-53e6-4b1c-9d85-c97c46b5422e', '0069d8b1-47c7-4b78-b551-8f0347e43a1c', 4, current_timestamp, current_timestamp);
insert into QuestionAnswer values('1241fc96-9151-4bb8-b161-35a4f765f1b8', 'ccb39a89-f63e-4537-90cd-e3186178ae1f', '0069d8b1-47c7-4b78-b551-8f0347e43a1c', 0, current_timestamp, current_timestamp);
insert into QuestionAnswer values('8745f251-bcbd-440f-8287-41e4e84d9306', 'b34bfec1-ee6c-46bc-9d52-99e90b59fe12', '0069d8b1-47c7-4b78-b551-8f0347e43a1c', 0, current_timestamp, current_timestamp);
insert into QuestionAnswer values('8378bacc-d22d-4181-a3cd-d979fb5d4b75', '6b7955fe-fb44-4b68-92b5-13aedcce4e76', '0069d8b1-47c7-4b78-b551-8f0347e43a1c', 4, current_timestamp, current_timestamp);
insert into QuestionAnswer values('593afa39-17a7-4d42-b269-a3f29db864bd', '204814c3-bf71-4b17-9727-c6d435976da6', '0069d8b1-47c7-4b78-b551-8f0347e43a1c', 1, current_timestamp, current_timestamp);
insert into QuestionAnswer values('9b03cfee-2725-4072-983a-97da608355e0', 'd118e4c3-08b7-4c8e-95de-81b8715b6f1d', '0069d8b1-47c7-4b78-b551-8f0347e43a1c', 0, current_timestamp, current_timestamp);
insert into QuestionAnswer values('647bfbe6-cf41-42aa-9580-866e1dd060eb', 'db255fa3-e68a-47b3-9651-a7cc95b33689', '0069d8b1-47c7-4b78-b551-8f0347e43a1c', 4, current_timestamp, current_timestamp);
insert into QuestionAnswer values('57f222ee-2a9a-4377-a02f-83145ba54d0d', '42b30d8f-b8eb-46be-93ee-446f2d1d2706', '0069d8b1-47c7-4b78-b551-8f0347e43a1c', 0, current_timestamp, current_timestamp);
insert into QuestionAnswer values('83cd2776-0cc1-43bc-ac5d-a9be565e310a', '69126fb1-3e3f-4741-b6a4-91678103ccfe', '0069d8b1-47c7-4b78-b551-8f0347e43a1c', 0, current_timestamp, current_timestamp);
insert into QuestionAnswer values('90253165-f683-40ff-843c-c11c4cdd1965', 'a4f7f094-e1ff-4280-aa2f-33e17fb03d07', '0069d8b1-47c7-4b78-b551-8f0347e43a1c', 3, current_timestamp, current_timestamp);
insert into QuestionAnswer values('20fa3472-5a65-4fbd-864b-2f0e3c59bf4c', '9f8b49e7-cd35-4115-8e2a-a4bc71ceab78', '0069d8b1-47c7-4b78-b551-8f0347e43a1c', 0, current_timestamp, current_timestamp);
insert into QuestionAnswer values('64502e48-ec3c-47b2-a8f1-1859eb7ee52a', 'df70cc34-0233-4ed5-89f4-5864507b42a4', '0069d8b1-47c7-4b78-b551-8f0347e43a1c', 0, current_timestamp, current_timestamp);
insert into QuestionAnswer values('3be69b39-b442-4f82-b3f7-a69ec4f9d66f', '4b4b663a-bc9c-4eb4-ba80-f86adc0951f9', '0069d8b1-47c7-4b78-b551-8f0347e43a1c', 0, current_timestamp, current_timestamp);
insert into QuestionAnswer values('652d71ae-e1aa-49f5-8040-f3ef71b8a49e', '231e38c1-fb35-4262-9a80-ea7a4d0a00ba', '0069d8b1-47c7-4b78-b551-8f0347e43a1c', 0, current_timestamp, current_timestamp);
insert into QuestionAnswer values('b1cd33fe-22cb-4b5e-88c5-96ca3d833ed6', '57008dea-844d-44c7-8adc-6389295384c7', '0069d8b1-47c7-4b78-b551-8f0347e43a1c', 4, current_timestamp, current_timestamp);
insert into QuestionAnswer values('89e84937-7056-48de-8baa-6f2ca2492c47', 'a214c6f9-029b-444d-82a0-8bc98a044a43', '0069d8b1-47c7-4b78-b551-8f0347e43a1c', 1, current_timestamp, current_timestamp);
insert into QuestionAnswer values('a8d07cd0-42f7-4221-bf7a-9a4dad7c2b50', '630e876e-62d7-498b-aae9-f8326e875369', '0069d8b1-47c7-4b78-b551-8f0347e43a1c', 3, current_timestamp, current_timestamp);
insert into QuestionAnswer values('c7befad3-ea95-46d7-a83a-209fe3d7a2f5', '1521cd72-8dc2-463a-8cef-2c8c8166493b', '0069d8b1-47c7-4b78-b551-8f0347e43a1c', 0, current_timestamp, current_timestamp);
insert into QuestionAnswer values('0e7f00e2-05d4-4c3c-8a09-47a1691b6022', '4c411dfd-41e6-4c53-bb7b-37cc54c1c8e8', '0069d8b1-47c7-4b78-b551-8f0347e43a1c', 1, current_timestamp, current_timestamp);
insert into QuestionAnswer values('6cf6c846-7693-4ece-89e0-baa55f98fc84', '92bb831c-040f-4686-8acd-f42d8629ba7b', '0069d8b1-47c7-4b78-b551-8f0347e43a1c', 1, current_timestamp, current_timestamp);
insert into QuestionAnswer values('a7b12511-35c3-4c41-8776-54ab1f3c955a', 'fe8d890a-abea-44fc-92fe-ba3678289387', '0069d8b1-47c7-4b78-b551-8f0347e43a1c', 0, current_timestamp, current_timestamp);
insert into QuestionAnswer values('c8b0f86b-48b3-433a-9532-17005467c102', '4de87bed-0d07-419e-9991-32658cdb0a9d', '0069d8b1-47c7-4b78-b551-8f0347e43a1c', 0, current_timestamp, current_timestamp);
insert into QuestionAnswer values('aa601f45-7b84-476c-b75f-8d83b037b7df', '7570b82c-a85d-446c-9a92-5c0bb332a8a3', '0069d8b1-47c7-4b78-b551-8f0347e43a1c', 3, current_timestamp, current_timestamp);
insert into QuestionAnswer values('50c02e93-6845-4605-ae8f-14d37dc405f5', 'b8b056d3-228d-4363-8f43-a1fed1da8695', '0069d8b1-47c7-4b78-b551-8f0347e43a1c', 1, current_timestamp, current_timestamp);
insert into QuestionAnswer values('5589d366-ada1-4f6d-9eeb-6b39e67252ae', '5a08407a-ba00-4be3-bbc6-c50dc256d8f5', '0069d8b1-47c7-4b78-b551-8f0347e43a1c', 4, current_timestamp, current_timestamp);
insert into QuestionAnswer values('45a64669-bf62-4ea8-883f-de1265caacd6', 'cac14782-c714-49d4-803d-6bdfb7fb8707', '0069d8b1-47c7-4b78-b551-8f0347e43a1c', 4, current_timestamp, current_timestamp);
insert into QuestionAnswer values('82439121-9cd4-468b-8694-06a926d381f6', '3d723b44-2db7-4730-af04-6007ae7d2178', '0069d8b1-47c7-4b78-b551-8f0347e43a1c', 0, current_timestamp, current_timestamp);
insert into QuestionAnswer values('159ad5eb-60b2-4067-b62d-50dcc4a1de6b', '9a4f51df-c428-4a18-9055-511e0ae7b6d8', '0069d8b1-47c7-4b78-b551-8f0347e43a1c', 3, current_timestamp, current_timestamp);
insert into QuestionAnswer values('967cf5b7-2085-4ba5-b61a-298d5c59b33f', 'fd1edc81-f470-4dbe-95cf-ea6ad5e85cf2', '0069d8b1-47c7-4b78-b551-8f0347e43a1c', 3, current_timestamp, current_timestamp);
insert into QuestionAnswer values('2af6e22f-5a8f-414b-bc25-e9635e0eaae9', '6e2740d2-ef18-4564-b8c7-9f7214308f81', '0069d8b1-47c7-4b78-b551-8f0347e43a1c', 3, current_timestamp, current_timestamp);
insert into QuestionAnswer values('84b034a1-3788-4f52-a5ac-4f855f941a63', '926c446b-9db8-4b9c-a406-ed40dff69e34', '0069d8b1-47c7-4b78-b551-8f0347e43a1c', 3, current_timestamp, current_timestamp);
insert into QuestionAnswer values('0368ac6c-05de-4d6b-ba29-611f35c035f7', 'eaa9530f-bb8c-453f-b634-c8599039e296', '0069d8b1-47c7-4b78-b551-8f0347e43a1c', 0, current_timestamp, current_timestamp);
insert into QuestionAnswer values('8837d63f-3585-465c-b27b-22b80b4e0277', 'bdc5f279-42bf-491c-b87a-409b3c7bff89', '0069d8b1-47c7-4b78-b551-8f0347e43a1c', 0, current_timestamp, current_timestamp);

-- ###### SVP ######

-- based on https://smartvote.ch/de/group/2/election/19_ch_nr/db/candidates/44200003847
insert into QuestionAnswer values('a13452dc-7efb-4a2b-a670-714f49556322', 'a335650d-06b4-4e92-ba77-d5f8964ceb82', 'a044da59-0467-4dea-8e30-e0dee2b053a5', 1, current_timestamp, current_timestamp);
insert into QuestionAnswer values('675bebaa-f6d2-40a9-83fd-5039a73f9c53', '46df8b49-923c-4f91-8362-5196efbb71e2', 'a044da59-0467-4dea-8e30-e0dee2b053a5', 4, current_timestamp, current_timestamp);
insert into QuestionAnswer values('f6174946-d3ee-4dc4-884d-f62c769929c8', '5f277258-ba7b-492c-b451-673eaa5957c0', 'a044da59-0467-4dea-8e30-e0dee2b053a5', 4, current_timestamp, current_timestamp);
insert into QuestionAnswer values('f90044b7-fcf9-458e-8b02-c6057b5d338c', '007ebae0-31cb-40fb-93ad-c2f980caee14', 'a044da59-0467-4dea-8e30-e0dee2b053a5', 1, current_timestamp, current_timestamp);
insert into QuestionAnswer values('aa5c0a71-9c27-44a9-9144-e1a43d839834', '8ae0f13d-e699-4617-a4ba-672e6ccc0edc', 'a044da59-0467-4dea-8e30-e0dee2b053a5', 0, current_timestamp, current_timestamp);
insert into QuestionAnswer values('19038d98-0244-4170-8be2-55f18ebabfde', 'dee756b8-f4f2-474a-88f4-e7f4fea7275a', 'a044da59-0467-4dea-8e30-e0dee2b053a5', 4, current_timestamp, current_timestamp);
insert into QuestionAnswer values('1c2d3c2d-0a4d-4af7-b89f-c6de4db2acfb', 'b8ec593e-93b8-4bab-95dd-cfff5c526d54', 'a044da59-0467-4dea-8e30-e0dee2b053a5', 3, current_timestamp, current_timestamp);
insert into QuestionAnswer values('f70c00fb-bf6a-4706-9bf5-971b2bce4221', '6f9db124-e0ae-409d-b943-5be0cbc836e5', 'a044da59-0467-4dea-8e30-e0dee2b053a5', 4, current_timestamp, current_timestamp);
insert into QuestionAnswer values('f8d7ac8f-eb33-44c0-9280-98acfb65631c', '616bf16a-470d-494e-ad8b-b230e80dafb3', 'a044da59-0467-4dea-8e30-e0dee2b053a5', 3, current_timestamp, current_timestamp);
insert into QuestionAnswer values('9a37df82-dea5-4c0e-ae69-ec3a78393a18', '6c05b44c-34de-48a4-8d3c-6015b268c456', 'a044da59-0467-4dea-8e30-e0dee2b053a5', 4, current_timestamp, current_timestamp);
insert into QuestionAnswer values('bf8f0a8d-e2c0-45dd-9f1d-46e4a748b2ec', '3ac4a61c-f510-4d59-84cc-e957dbeedd8e', 'a044da59-0467-4dea-8e30-e0dee2b053a5', 3, current_timestamp, current_timestamp);
insert into QuestionAnswer values('c7b359a1-0f23-4cbc-8168-a26d080b0b81', 'f4f5632d-00ae-4be2-aff8-c83da3c21519', 'a044da59-0467-4dea-8e30-e0dee2b053a5', 4, current_timestamp, current_timestamp);
insert into QuestionAnswer values('4bb5c51a-aa79-4fbc-aa21-504e4a066fc9', '4917d24b-e50c-4fa9-ac12-37a0d298f41f', 'a044da59-0467-4dea-8e30-e0dee2b053a5', 4, current_timestamp, current_timestamp);
insert into QuestionAnswer values('dbcc3280-ce78-4e38-b66a-6c3e2d2b6038', 'aee92954-3fab-449d-bc56-7ec47df873cb', 'a044da59-0467-4dea-8e30-e0dee2b053a5', 4, current_timestamp, current_timestamp);
insert into QuestionAnswer values('bf8342ef-e4bd-4cec-b07a-d437f56f70a8', '19d57226-91df-4c5a-92f4-7b7d774ea8c4', 'a044da59-0467-4dea-8e30-e0dee2b053a5', 3, current_timestamp, current_timestamp);
insert into QuestionAnswer values('d1fd8f65-01bf-4a96-86c7-a99cd6be4207', '81f2e7c9-6871-44e3-a432-b0fd050dd187', 'a044da59-0467-4dea-8e30-e0dee2b053a5', 4, current_timestamp, current_timestamp);
insert into QuestionAnswer values('143101a8-e7b1-4f0a-ba35-a0931ca0afa1', '377a4b78-e58a-4d13-875f-817cd1693ece', 'a044da59-0467-4dea-8e30-e0dee2b053a5', 0, current_timestamp, current_timestamp);
insert into QuestionAnswer values('7722939a-48f2-447d-a765-f0d3e7b5ed21', '54e790a7-9741-408e-9327-3377df0e9b6e', 'a044da59-0467-4dea-8e30-e0dee2b053a5', 4, current_timestamp, current_timestamp);
insert into QuestionAnswer values('53798e82-4816-4c04-a136-e96d35f31f50', '5dce5233-88d5-4b52-94de-6465ace4be98', 'a044da59-0467-4dea-8e30-e0dee2b053a5', 0, current_timestamp, current_timestamp);
insert into QuestionAnswer values('118e83f5-112f-4e2a-a569-7a71d52f092f', '63aa0cb7-202d-4c54-85ae-051e8249115d', 'a044da59-0467-4dea-8e30-e0dee2b053a5', 0, current_timestamp, current_timestamp);
insert into QuestionAnswer values('3383044d-3056-417f-b6b1-fda19fe9dcf5', 'fb59e236-0633-46ca-a8b5-c0d7596ee10e', 'a044da59-0467-4dea-8e30-e0dee2b053a5', 4, current_timestamp, current_timestamp);
insert into QuestionAnswer values('3719fad1-6968-4c90-a626-beeb682fba01', '154147b7-aff2-4ff1-89cf-fcd6616ca6d2', 'a044da59-0467-4dea-8e30-e0dee2b053a5', 3, current_timestamp, current_timestamp);
insert into QuestionAnswer values('74bbba9c-bf3c-4a64-b4a6-5fb9b72a29f4', '6e8b2868-8094-46d3-95be-2397eb9d5237', 'a044da59-0467-4dea-8e30-e0dee2b053a5', 3, current_timestamp, current_timestamp);
insert into QuestionAnswer values('b6fdab2c-96d1-4081-93a1-b6070c7d8aeb', '112cc8ee-b996-4b19-9192-9e82b92aae94', 'a044da59-0467-4dea-8e30-e0dee2b053a5', 3, current_timestamp, current_timestamp);
insert into QuestionAnswer values('0d13128e-161e-45c0-adb2-bffec536a6d3', '60c4bebf-411f-456f-9eab-5afd98fde9c7', 'a044da59-0467-4dea-8e30-e0dee2b053a5', 4, current_timestamp, current_timestamp);
insert into QuestionAnswer values('cf25170d-89d9-43c0-82ce-413a61f459fa', 'c393d2b5-6e50-4d7a-ad40-e112851e0711', 'a044da59-0467-4dea-8e30-e0dee2b053a5', 3, current_timestamp, current_timestamp);
insert into QuestionAnswer values('9f1c4e67-c04e-4368-b0ab-96492ae5151a', '38630605-5c28-4b5c-b042-93c43bf23ebc', 'a044da59-0467-4dea-8e30-e0dee2b053a5', 0, current_timestamp, current_timestamp);
insert into QuestionAnswer values('ae9df0d7-9ab1-4ccf-bb00-8809fb80fb13', 'cc721727-53e6-4b1c-9d85-c97c46b5422e', 'a044da59-0467-4dea-8e30-e0dee2b053a5', 3, current_timestamp, current_timestamp);
insert into QuestionAnswer values('cb5472de-db2f-4434-8d30-faaa5f00dd56', 'ccb39a89-f63e-4537-90cd-e3186178ae1f', 'a044da59-0467-4dea-8e30-e0dee2b053a5', 3, current_timestamp, current_timestamp);
insert into QuestionAnswer values('fa87b083-cdb3-4fd4-aff7-515e96830e44', 'b34bfec1-ee6c-46bc-9d52-99e90b59fe12', 'a044da59-0467-4dea-8e30-e0dee2b053a5', 4, current_timestamp, current_timestamp);
insert into QuestionAnswer values('ad3e7fda-10ee-4d43-91d3-37bd6a99e1e6', '6b7955fe-fb44-4b68-92b5-13aedcce4e76', 'a044da59-0467-4dea-8e30-e0dee2b053a5', 1, current_timestamp, current_timestamp);
insert into QuestionAnswer values('2fa08177-a549-4d8f-8148-951b5a256921', '204814c3-bf71-4b17-9727-c6d435976da6', 'a044da59-0467-4dea-8e30-e0dee2b053a5', 4, current_timestamp, current_timestamp);
insert into QuestionAnswer values('bb52802f-b16c-4596-824d-a420d2e93139', 'd118e4c3-08b7-4c8e-95de-81b8715b6f1d', 'a044da59-0467-4dea-8e30-e0dee2b053a5', 3, current_timestamp, current_timestamp);
insert into QuestionAnswer values('17aad7c5-6992-44a5-88f7-5463d1624955', 'db255fa3-e68a-47b3-9651-a7cc95b33689', 'a044da59-0467-4dea-8e30-e0dee2b053a5', 1, current_timestamp, current_timestamp);
insert into QuestionAnswer values('ebf4cf1f-7283-4e4a-84c4-a020420f2eb6', '42b30d8f-b8eb-46be-93ee-446f2d1d2706', 'a044da59-0467-4dea-8e30-e0dee2b053a5', 3, current_timestamp, current_timestamp);
insert into QuestionAnswer values('ad63546d-4f87-4a53-b881-c644138c3be3', '69126fb1-3e3f-4741-b6a4-91678103ccfe', 'a044da59-0467-4dea-8e30-e0dee2b053a5', 0, current_timestamp, current_timestamp);
insert into QuestionAnswer values('fc071fe4-7f59-4593-bc41-0189288e27df', 'a4f7f094-e1ff-4280-aa2f-33e17fb03d07', 'a044da59-0467-4dea-8e30-e0dee2b053a5', 3, current_timestamp, current_timestamp);
insert into QuestionAnswer values('f2ab64c8-81cd-4ee5-bac1-8edc308071d3', '9f8b49e7-cd35-4115-8e2a-a4bc71ceab78', 'a044da59-0467-4dea-8e30-e0dee2b053a5', 3, current_timestamp, current_timestamp);
insert into QuestionAnswer values('50b65617-de05-4923-a322-dc0bb67116fc', 'df70cc34-0233-4ed5-89f4-5864507b42a4', 'a044da59-0467-4dea-8e30-e0dee2b053a5', 4, current_timestamp, current_timestamp);
insert into QuestionAnswer values('ffb80255-5478-44ef-9128-8a340474e0c2', '4b4b663a-bc9c-4eb4-ba80-f86adc0951f9', 'a044da59-0467-4dea-8e30-e0dee2b053a5', 4, current_timestamp, current_timestamp);
insert into QuestionAnswer values('af1ae249-f5ef-4aed-bf11-33e69982d0fb', '231e38c1-fb35-4262-9a80-ea7a4d0a00ba', 'a044da59-0467-4dea-8e30-e0dee2b053a5', 3, current_timestamp, current_timestamp);
insert into QuestionAnswer values('7fca24d0-1053-4746-b0cc-29887fbc0ac3', '57008dea-844d-44c7-8adc-6389295384c7', 'a044da59-0467-4dea-8e30-e0dee2b053a5', 0, current_timestamp, current_timestamp);
insert into QuestionAnswer values('317b458c-5428-4e3e-8a70-b4fb2a1c324f', 'a214c6f9-029b-444d-82a0-8bc98a044a43', 'a044da59-0467-4dea-8e30-e0dee2b053a5', 4, current_timestamp, current_timestamp);
insert into QuestionAnswer values('3305bc2d-2607-4d44-b495-9885f90d2ccb', '630e876e-62d7-498b-aae9-f8326e875369', 'a044da59-0467-4dea-8e30-e0dee2b053a5', 0, current_timestamp, current_timestamp);
insert into QuestionAnswer values('7c0b2bd3-da6f-4bc4-b8c3-182627492dcf', '1521cd72-8dc2-463a-8cef-2c8c8166493b', 'a044da59-0467-4dea-8e30-e0dee2b053a5', 0, current_timestamp, current_timestamp);
insert into QuestionAnswer values('e3970640-6ed1-4696-862b-779c7faae0fb', '4c411dfd-41e6-4c53-bb7b-37cc54c1c8e8', 'a044da59-0467-4dea-8e30-e0dee2b053a5', 4, current_timestamp, current_timestamp);
insert into QuestionAnswer values('c7586cc4-c328-420f-b490-035511a7e047', '92bb831c-040f-4686-8acd-f42d8629ba7b', 'a044da59-0467-4dea-8e30-e0dee2b053a5', 4, current_timestamp, current_timestamp);
insert into QuestionAnswer values('1d4f617f-63ab-4e19-a0d8-129fda093891', 'fe8d890a-abea-44fc-92fe-ba3678289387', 'a044da59-0467-4dea-8e30-e0dee2b053a5', 4, current_timestamp, current_timestamp);
insert into QuestionAnswer values('8ff6ca63-4f45-48d3-bdcc-337a8bd5e312', '4de87bed-0d07-419e-9991-32658cdb0a9d', 'a044da59-0467-4dea-8e30-e0dee2b053a5', 4, current_timestamp, current_timestamp);
insert into QuestionAnswer values('003a3b2c-3eee-4322-be59-6f6e2e752f08', '7570b82c-a85d-446c-9a92-5c0bb332a8a3', 'a044da59-0467-4dea-8e30-e0dee2b053a5', 4, current_timestamp, current_timestamp);
insert into QuestionAnswer values('2b3fc541-0728-4fad-9551-8272460de4da', 'b8b056d3-228d-4363-8f43-a1fed1da8695', 'a044da59-0467-4dea-8e30-e0dee2b053a5', 4, current_timestamp, current_timestamp);
insert into QuestionAnswer values('0e2fe950-c713-4cab-85f2-359cce783393', '5a08407a-ba00-4be3-bbc6-c50dc256d8f5', 'a044da59-0467-4dea-8e30-e0dee2b053a5', 0, current_timestamp, current_timestamp);
insert into QuestionAnswer values('4d0607f2-9059-4c6c-abfe-db4d43ce5d94', 'cac14782-c714-49d4-803d-6bdfb7fb8707', 'a044da59-0467-4dea-8e30-e0dee2b053a5', 4, current_timestamp, current_timestamp);
insert into QuestionAnswer values('f5e0534d-983c-49a5-8d41-02b4f3ceccf2', '3d723b44-2db7-4730-af04-6007ae7d2178', 'a044da59-0467-4dea-8e30-e0dee2b053a5', 4, current_timestamp, current_timestamp);
insert into QuestionAnswer values('b6a43103-1a86-497c-8815-a545fe1a832c', '9a4f51df-c428-4a18-9055-511e0ae7b6d8', 'a044da59-0467-4dea-8e30-e0dee2b053a5', 0, current_timestamp, current_timestamp);
insert into QuestionAnswer values('31a95d96-977a-43a3-aac9-028ed1a7ae7a', 'fd1edc81-f470-4dbe-95cf-ea6ad5e85cf2', 'a044da59-0467-4dea-8e30-e0dee2b053a5', 0, current_timestamp, current_timestamp);
insert into QuestionAnswer values('eec5ca67-b9e4-4a5f-908d-7d154bad05e5', '6e2740d2-ef18-4564-b8c7-9f7214308f81', 'a044da59-0467-4dea-8e30-e0dee2b053a5', 4, current_timestamp, current_timestamp);
insert into QuestionAnswer values('01d033a8-97fe-44ea-9dcc-34a19af6f783', '926c446b-9db8-4b9c-a406-ed40dff69e34', 'a044da59-0467-4dea-8e30-e0dee2b053a5', 3, current_timestamp, current_timestamp);
insert into QuestionAnswer values('5be608a7-ca97-41ba-a1be-64654801cffa', 'eaa9530f-bb8c-453f-b634-c8599039e296', 'a044da59-0467-4dea-8e30-e0dee2b053a5', 4, current_timestamp, current_timestamp);
insert into QuestionAnswer values('d42a08dd-d76f-4add-8410-36c53d7826f1', 'bdc5f279-42bf-491c-b87a-409b3c7bff89', 'a044da59-0467-4dea-8e30-e0dee2b053a5', 4, current_timestamp, current_timestamp);

-- based on https://smartvote.ch/de/group/2/election/19_ch_nr/db/candidates/44200016326
insert into QuestionAnswer values('a613452b-5120-4d13-89a1-61f78fa176ce', 'a335650d-06b4-4e92-ba77-d5f8964ceb82', '817d113c-9874-4511-a5f3-08a256a7dfb8', 4, current_timestamp, current_timestamp);
insert into QuestionAnswer values('cad0b8b1-6f9f-48e4-8814-16fed5b25cd7', '46df8b49-923c-4f91-8362-5196efbb71e2', '817d113c-9874-4511-a5f3-08a256a7dfb8', 4, current_timestamp, current_timestamp);
insert into QuestionAnswer values('2950d9ab-a57b-4502-a6db-31adced8afc6', '5f277258-ba7b-492c-b451-673eaa5957c0', '817d113c-9874-4511-a5f3-08a256a7dfb8', 4, current_timestamp, current_timestamp);
insert into QuestionAnswer values('de00f9da-1cc7-4553-b079-22062b4e21fd', '007ebae0-31cb-40fb-93ad-c2f980caee14', '817d113c-9874-4511-a5f3-08a256a7dfb8', 4, current_timestamp, current_timestamp);
insert into QuestionAnswer values('96900c8f-c18c-425a-94c2-1765d9bf3ae6', '8ae0f13d-e699-4617-a4ba-672e6ccc0edc', '817d113c-9874-4511-a5f3-08a256a7dfb8', 0, current_timestamp, current_timestamp);
insert into QuestionAnswer values('d1fe3bd1-dfa9-4a89-9108-a9649e6aa5fa', 'dee756b8-f4f2-474a-88f4-e7f4fea7275a', '817d113c-9874-4511-a5f3-08a256a7dfb8', 3, current_timestamp, current_timestamp);
insert into QuestionAnswer values('3fc8caf9-11bc-44de-a4e6-887d6afe9033', 'b8ec593e-93b8-4bab-95dd-cfff5c526d54', '817d113c-9874-4511-a5f3-08a256a7dfb8', 4, current_timestamp, current_timestamp);
insert into QuestionAnswer values('1bb12384-0cd1-48ae-b060-950d3388c70c', '6f9db124-e0ae-409d-b943-5be0cbc836e5', '817d113c-9874-4511-a5f3-08a256a7dfb8', 4, current_timestamp, current_timestamp);
insert into QuestionAnswer values('208ce5a7-09c5-446d-bc18-a44ca1411afb', '616bf16a-470d-494e-ad8b-b230e80dafb3', '817d113c-9874-4511-a5f3-08a256a7dfb8', 0, current_timestamp, current_timestamp);
insert into QuestionAnswer values('2227ec2f-ac62-4ff9-9a31-0eff61a99440', '6c05b44c-34de-48a4-8d3c-6015b268c456', '817d113c-9874-4511-a5f3-08a256a7dfb8', 1, current_timestamp, current_timestamp);
insert into QuestionAnswer values('711e18b4-89f2-4aee-814e-dd822c3b55d4', '3ac4a61c-f510-4d59-84cc-e957dbeedd8e', '817d113c-9874-4511-a5f3-08a256a7dfb8', 0, current_timestamp, current_timestamp);
insert into QuestionAnswer values('ef7a78da-dc78-49d8-8a82-d13beaaa1dbe', 'f4f5632d-00ae-4be2-aff8-c83da3c21519', '817d113c-9874-4511-a5f3-08a256a7dfb8', 3, current_timestamp, current_timestamp);
insert into QuestionAnswer values('76be56c5-9a25-442d-b6a8-20e24a84a943', '4917d24b-e50c-4fa9-ac12-37a0d298f41f', '817d113c-9874-4511-a5f3-08a256a7dfb8', 4, current_timestamp, current_timestamp);
insert into QuestionAnswer values('f0d0daeb-56a9-4d80-bff8-f31c87c839ac', 'aee92954-3fab-449d-bc56-7ec47df873cb', '817d113c-9874-4511-a5f3-08a256a7dfb8', 3, current_timestamp, current_timestamp);
insert into QuestionAnswer values('ef0915da-de27-475b-86c3-da916291dc06', '19d57226-91df-4c5a-92f4-7b7d774ea8c4', '817d113c-9874-4511-a5f3-08a256a7dfb8', 0, current_timestamp, current_timestamp);
insert into QuestionAnswer values('0f8530f6-8ad1-451e-9855-2e668e8aec47', '81f2e7c9-6871-44e3-a432-b0fd050dd187', '817d113c-9874-4511-a5f3-08a256a7dfb8', 4, current_timestamp, current_timestamp);
insert into QuestionAnswer values('1a368ecb-7ec4-4fba-8e1c-6cad3ac1e6d3', '377a4b78-e58a-4d13-875f-817cd1693ece', '817d113c-9874-4511-a5f3-08a256a7dfb8', 0, current_timestamp, current_timestamp);
insert into QuestionAnswer values('ad974786-4e8e-4650-846a-0e4b1044ca16', '54e790a7-9741-408e-9327-3377df0e9b6e', '817d113c-9874-4511-a5f3-08a256a7dfb8', 4, current_timestamp, current_timestamp);
insert into QuestionAnswer values('0695d45b-19f1-4ead-8b40-05ba0526b376', '5dce5233-88d5-4b52-94de-6465ace4be98', '817d113c-9874-4511-a5f3-08a256a7dfb8', 0, current_timestamp, current_timestamp);
insert into QuestionAnswer values('9a2f651f-44ed-46b5-b03d-9411ff2ef196', '63aa0cb7-202d-4c54-85ae-051e8249115d', '817d113c-9874-4511-a5f3-08a256a7dfb8', 0, current_timestamp, current_timestamp);
insert into QuestionAnswer values('4f454bc5-0cbc-49bc-bc3c-592d2a1e9c5d', 'fb59e236-0633-46ca-a8b5-c0d7596ee10e', '817d113c-9874-4511-a5f3-08a256a7dfb8', 4, current_timestamp, current_timestamp);
insert into QuestionAnswer values('9fff2cda-ef00-441c-8e75-ff5dca8888de', '154147b7-aff2-4ff1-89cf-fcd6616ca6d2', '817d113c-9874-4511-a5f3-08a256a7dfb8', 4, current_timestamp, current_timestamp);
insert into QuestionAnswer values('7cc32d74-b618-4a24-80fd-3c72350c6dff', '6e8b2868-8094-46d3-95be-2397eb9d5237', '817d113c-9874-4511-a5f3-08a256a7dfb8', 1, current_timestamp, current_timestamp);
insert into QuestionAnswer values('8ce50fee-bb33-4708-97ae-fc656089e850', '112cc8ee-b996-4b19-9192-9e82b92aae94', '817d113c-9874-4511-a5f3-08a256a7dfb8', 4, current_timestamp, current_timestamp);
insert into QuestionAnswer values('ca03982c-c26c-489f-85be-8fd3e6353210', '60c4bebf-411f-456f-9eab-5afd98fde9c7', '817d113c-9874-4511-a5f3-08a256a7dfb8', 1, current_timestamp, current_timestamp);
insert into QuestionAnswer values('2ff71ba4-d3fc-4d0c-8af3-2c4551ae2fbe', 'c393d2b5-6e50-4d7a-ad40-e112851e0711', '817d113c-9874-4511-a5f3-08a256a7dfb8', 0, current_timestamp, current_timestamp);
insert into QuestionAnswer values('93d81028-ced5-433c-88f2-fe4829d4aef3', '38630605-5c28-4b5c-b042-93c43bf23ebc', '817d113c-9874-4511-a5f3-08a256a7dfb8', 1, current_timestamp, current_timestamp);
insert into QuestionAnswer values('778d1365-59d3-4b60-8a23-d632642bee87', 'cc721727-53e6-4b1c-9d85-c97c46b5422e', '817d113c-9874-4511-a5f3-08a256a7dfb8', 3, current_timestamp, current_timestamp);
insert into QuestionAnswer values('cb530460-1056-4a8b-9cf8-778d5ed786de', 'ccb39a89-f63e-4537-90cd-e3186178ae1f', '817d113c-9874-4511-a5f3-08a256a7dfb8', 4, current_timestamp, current_timestamp);
insert into QuestionAnswer values('43329a03-61bd-4254-9efb-cf27f64705ca', 'b34bfec1-ee6c-46bc-9d52-99e90b59fe12', '817d113c-9874-4511-a5f3-08a256a7dfb8', 4, current_timestamp, current_timestamp);
insert into QuestionAnswer values('1afb8848-2fb1-485a-b92a-0cd1aab980f6', '6b7955fe-fb44-4b68-92b5-13aedcce4e76', '817d113c-9874-4511-a5f3-08a256a7dfb8', 0, current_timestamp, current_timestamp);
insert into QuestionAnswer values('d80f5fca-17f7-4a61-9a22-b0fd49922dee', '204814c3-bf71-4b17-9727-c6d435976da6', '817d113c-9874-4511-a5f3-08a256a7dfb8', 1, current_timestamp, current_timestamp);
insert into QuestionAnswer values('8f08ecdf-32c9-4c78-b1a6-5633e64913e6', 'd118e4c3-08b7-4c8e-95de-81b8715b6f1d', '817d113c-9874-4511-a5f3-08a256a7dfb8', 0, current_timestamp, current_timestamp);
insert into QuestionAnswer values('8ca0a097-6f74-4e8e-9bf2-aa7e0a8a4857', 'db255fa3-e68a-47b3-9651-a7cc95b33689', '817d113c-9874-4511-a5f3-08a256a7dfb8', 1, current_timestamp, current_timestamp);
insert into QuestionAnswer values('a9f651a2-900a-4bc6-949b-295262f2b449', '42b30d8f-b8eb-46be-93ee-446f2d1d2706', '817d113c-9874-4511-a5f3-08a256a7dfb8', 0, current_timestamp, current_timestamp);
insert into QuestionAnswer values('eefd6b0f-1493-4a0b-b8ab-bcb4a3f382cb', '69126fb1-3e3f-4741-b6a4-91678103ccfe', '817d113c-9874-4511-a5f3-08a256a7dfb8', 0, current_timestamp, current_timestamp);
insert into QuestionAnswer values('76a3397b-37e7-41fa-bdc2-a29a3aadb727', 'a4f7f094-e1ff-4280-aa2f-33e17fb03d07', '817d113c-9874-4511-a5f3-08a256a7dfb8', 4, current_timestamp, current_timestamp);
insert into QuestionAnswer values('70246420-cef7-4c50-8f2e-f677290feb0b', '9f8b49e7-cd35-4115-8e2a-a4bc71ceab78', '817d113c-9874-4511-a5f3-08a256a7dfb8', 3, current_timestamp, current_timestamp);
insert into QuestionAnswer values('50398f5d-038f-431e-af17-ae5a7519f477', 'df70cc34-0233-4ed5-89f4-5864507b42a4', '817d113c-9874-4511-a5f3-08a256a7dfb8', 4, current_timestamp, current_timestamp);
insert into QuestionAnswer values('ad557cff-2c63-40be-8110-6d187c98d660', '4b4b663a-bc9c-4eb4-ba80-f86adc0951f9', '817d113c-9874-4511-a5f3-08a256a7dfb8', 4, current_timestamp, current_timestamp);
insert into QuestionAnswer values('8dc60938-36ef-4b2b-8007-c370b8555fd1', '231e38c1-fb35-4262-9a80-ea7a4d0a00ba', '817d113c-9874-4511-a5f3-08a256a7dfb8', 4, current_timestamp, current_timestamp);
insert into QuestionAnswer values('d45cb700-549f-41a0-a2f8-4d638bfb7dcc', '57008dea-844d-44c7-8adc-6389295384c7', '817d113c-9874-4511-a5f3-08a256a7dfb8', 0, current_timestamp, current_timestamp);
insert into QuestionAnswer values('36836349-d7e9-4304-9f4d-5946ae4fb29a', 'a214c6f9-029b-444d-82a0-8bc98a044a43', '817d113c-9874-4511-a5f3-08a256a7dfb8', 4, current_timestamp, current_timestamp);
insert into QuestionAnswer values('cc96873e-6e9c-4fae-8676-ed87acfc8d70', '630e876e-62d7-498b-aae9-f8326e875369', '817d113c-9874-4511-a5f3-08a256a7dfb8', 0, current_timestamp, current_timestamp);
insert into QuestionAnswer values('0fa1e8b4-9d25-4ec2-93fb-4e7867161cfb', '1521cd72-8dc2-463a-8cef-2c8c8166493b', '817d113c-9874-4511-a5f3-08a256a7dfb8', 0, current_timestamp, current_timestamp);
insert into QuestionAnswer values('9434f45c-33ac-45ff-9eeb-43e40f699729', '4c411dfd-41e6-4c53-bb7b-37cc54c1c8e8', '817d113c-9874-4511-a5f3-08a256a7dfb8', 4, current_timestamp, current_timestamp);
insert into QuestionAnswer values('3ba863ed-90e6-4baf-b15e-18ccedcf96cc', '92bb831c-040f-4686-8acd-f42d8629ba7b', '817d113c-9874-4511-a5f3-08a256a7dfb8', 4, current_timestamp, current_timestamp);
insert into QuestionAnswer values('9ebe92c6-ce5c-4064-91b6-25752e268c58', 'fe8d890a-abea-44fc-92fe-ba3678289387', '817d113c-9874-4511-a5f3-08a256a7dfb8', 0, current_timestamp, current_timestamp);
insert into QuestionAnswer values('06c27c90-f92f-49c2-85eb-e520c9318527', '4de87bed-0d07-419e-9991-32658cdb0a9d', '817d113c-9874-4511-a5f3-08a256a7dfb8', 4, current_timestamp, current_timestamp);
insert into QuestionAnswer values('c42a1dc3-ce27-4d33-8251-cf2e12293092', '7570b82c-a85d-446c-9a92-5c0bb332a8a3', '817d113c-9874-4511-a5f3-08a256a7dfb8', 4, current_timestamp, current_timestamp);
insert into QuestionAnswer values('a22c4266-3223-4a40-9d40-3313bcfbe43c', 'b8b056d3-228d-4363-8f43-a1fed1da8695', '817d113c-9874-4511-a5f3-08a256a7dfb8', 4, current_timestamp, current_timestamp);
insert into QuestionAnswer values('274999b5-727a-4706-8ad8-b2ec9715fb51', '5a08407a-ba00-4be3-bbc6-c50dc256d8f5', '817d113c-9874-4511-a5f3-08a256a7dfb8', 0, current_timestamp, current_timestamp);
insert into QuestionAnswer values('dc991d84-a749-4cb2-92aa-1049fa9c3710', 'cac14782-c714-49d4-803d-6bdfb7fb8707', '817d113c-9874-4511-a5f3-08a256a7dfb8', 4, current_timestamp, current_timestamp);
insert into QuestionAnswer values('18dfc9ba-940a-4387-a268-5dd3a961a285', '3d723b44-2db7-4730-af04-6007ae7d2178', '817d113c-9874-4511-a5f3-08a256a7dfb8', 4, current_timestamp, current_timestamp);
insert into QuestionAnswer values('9c2f4a48-2c1f-43eb-9002-f2becc6f11c4', '9a4f51df-c428-4a18-9055-511e0ae7b6d8', '817d113c-9874-4511-a5f3-08a256a7dfb8', 0, current_timestamp, current_timestamp);
insert into QuestionAnswer values('58c29e47-b04f-4f91-9035-a31f159ff852', 'fd1edc81-f470-4dbe-95cf-ea6ad5e85cf2', '817d113c-9874-4511-a5f3-08a256a7dfb8', 0, current_timestamp, current_timestamp);
insert into QuestionAnswer values('76e50320-a793-4a46-bfff-aba5b7a29c19', '6e2740d2-ef18-4564-b8c7-9f7214308f81', '817d113c-9874-4511-a5f3-08a256a7dfb8', 4, current_timestamp, current_timestamp);
insert into QuestionAnswer values('d58388ba-f024-4ef1-8c54-cc3cc54aba17', '926c446b-9db8-4b9c-a406-ed40dff69e34', '817d113c-9874-4511-a5f3-08a256a7dfb8', 1, current_timestamp, current_timestamp);
insert into QuestionAnswer values('69219b85-e8c6-454d-8995-f103fd995800', 'eaa9530f-bb8c-453f-b634-c8599039e296', '817d113c-9874-4511-a5f3-08a256a7dfb8', 4, current_timestamp, current_timestamp);
insert into QuestionAnswer values('256cdaa7-0c74-454d-ae1e-d22e71f7f74c', 'bdc5f279-42bf-491c-b87a-409b3c7bff89', '817d113c-9874-4511-a5f3-08a256a7dfb8', 4, current_timestamp, current_timestamp);

-- https://smartvote.ch/de/group/2/election/19_ch_nr/db/candidates/44200005006
insert into QuestionAnswer values('4fe095ca-6846-42ec-9c8c-218e58e5305a', 'a335650d-06b4-4e92-ba77-d5f8964ceb82', '04bbc8fd-b00e-428d-8a76-158d03394bf7', 1, current_timestamp, current_timestamp);
insert into QuestionAnswer values('c643585d-ae06-4653-94fd-1be60d2fdb0e', '46df8b49-923c-4f91-8362-5196efbb71e2', '04bbc8fd-b00e-428d-8a76-158d03394bf7', 3, current_timestamp, current_timestamp);
insert into QuestionAnswer values('aab39bdc-78ad-4551-9963-f9053851e107', '5f277258-ba7b-492c-b451-673eaa5957c0', '04bbc8fd-b00e-428d-8a76-158d03394bf7', 3, current_timestamp, current_timestamp);
insert into QuestionAnswer values('f74a25c1-5a06-4fee-abd8-379ecea506cc', '007ebae0-31cb-40fb-93ad-c2f980caee14', '04bbc8fd-b00e-428d-8a76-158d03394bf7', 1, current_timestamp, current_timestamp);
insert into QuestionAnswer values('f1ccafe0-cb28-4e31-86e5-509a9ce1bd51', '8ae0f13d-e699-4617-a4ba-672e6ccc0edc', '04bbc8fd-b00e-428d-8a76-158d03394bf7', 1, current_timestamp, current_timestamp);
insert into QuestionAnswer values('a195daa0-43ea-4fb5-b27c-1e94cb21d236', 'dee756b8-f4f2-474a-88f4-e7f4fea7275a', '04bbc8fd-b00e-428d-8a76-158d03394bf7', 3, current_timestamp, current_timestamp);
insert into QuestionAnswer values('2845a98f-a622-466b-ada0-d04bba013c0a', 'b8ec593e-93b8-4bab-95dd-cfff5c526d54', '04bbc8fd-b00e-428d-8a76-158d03394bf7', 1, current_timestamp, current_timestamp);
insert into QuestionAnswer values('85624fe8-7c53-4e5c-8b16-4cd0dc78b31c', '6f9db124-e0ae-409d-b943-5be0cbc836e5', '04bbc8fd-b00e-428d-8a76-158d03394bf7', 1, current_timestamp, current_timestamp);
insert into QuestionAnswer values('93d6bb94-cdaa-456c-bdab-72df52d24972', '616bf16a-470d-494e-ad8b-b230e80dafb3', '04bbc8fd-b00e-428d-8a76-158d03394bf7', 0, current_timestamp, current_timestamp);
insert into QuestionAnswer values('58785d9e-dab8-4e4c-8a73-90f9c500f3e3', '6c05b44c-34de-48a4-8d3c-6015b268c456', '04bbc8fd-b00e-428d-8a76-158d03394bf7', 4, current_timestamp, current_timestamp);
insert into QuestionAnswer values('a4853957-c097-469b-9141-5ef4fae8c51e', '3ac4a61c-f510-4d59-84cc-e957dbeedd8e', '04bbc8fd-b00e-428d-8a76-158d03394bf7', 1, current_timestamp, current_timestamp);
insert into QuestionAnswer values('3a816b8f-87e2-44f8-9314-b70661073959', 'f4f5632d-00ae-4be2-aff8-c83da3c21519', '04bbc8fd-b00e-428d-8a76-158d03394bf7', 3, current_timestamp, current_timestamp);
insert into QuestionAnswer values('e59c6b1d-b997-4121-900e-8dc709f34f4c', '4917d24b-e50c-4fa9-ac12-37a0d298f41f', '04bbc8fd-b00e-428d-8a76-158d03394bf7', 4, current_timestamp, current_timestamp);
insert into QuestionAnswer values('fb5bdd29-fe70-46b9-9bf1-979180a8a8b9', 'aee92954-3fab-449d-bc56-7ec47df873cb', '04bbc8fd-b00e-428d-8a76-158d03394bf7', 1, current_timestamp, current_timestamp);
insert into QuestionAnswer values('f9b1b85a-e8a5-4b03-be86-8b10f7c9d61d', '19d57226-91df-4c5a-92f4-7b7d774ea8c4', '04bbc8fd-b00e-428d-8a76-158d03394bf7', 3, current_timestamp, current_timestamp);
insert into QuestionAnswer values('ae90859e-735c-49a2-9c9b-62191ba729ff', '81f2e7c9-6871-44e3-a432-b0fd050dd187', '04bbc8fd-b00e-428d-8a76-158d03394bf7', 4, current_timestamp, current_timestamp);
insert into QuestionAnswer values('536250c2-4030-4747-ab09-70e98467f5e5', '377a4b78-e58a-4d13-875f-817cd1693ece', '04bbc8fd-b00e-428d-8a76-158d03394bf7', 0, current_timestamp, current_timestamp);
insert into QuestionAnswer values('83a7031e-4f3d-4d45-a389-8e72c49aaf75', '54e790a7-9741-408e-9327-3377df0e9b6e', '04bbc8fd-b00e-428d-8a76-158d03394bf7', 4, current_timestamp, current_timestamp);
insert into QuestionAnswer values('d4a87459-c9a8-4159-8ff7-b6c364a136e8', '5dce5233-88d5-4b52-94de-6465ace4be98', '04bbc8fd-b00e-428d-8a76-158d03394bf7', 0, current_timestamp, current_timestamp);
insert into QuestionAnswer values('785cfe15-cdcd-43b3-9035-21db68a932e5', '63aa0cb7-202d-4c54-85ae-051e8249115d', '04bbc8fd-b00e-428d-8a76-158d03394bf7', 0, current_timestamp, current_timestamp);
insert into QuestionAnswer values('a44425c9-c543-4024-b81a-66c15cf18722', 'fb59e236-0633-46ca-a8b5-c0d7596ee10e', '04bbc8fd-b00e-428d-8a76-158d03394bf7', 4, current_timestamp, current_timestamp);
insert into QuestionAnswer values('376ddc8c-0a94-44d9-b260-f6a33b22db38', '154147b7-aff2-4ff1-89cf-fcd6616ca6d2', '04bbc8fd-b00e-428d-8a76-158d03394bf7', 3, current_timestamp, current_timestamp);
insert into QuestionAnswer values('7d90669c-2314-49e9-9452-c3264b32e186', '6e8b2868-8094-46d3-95be-2397eb9d5237', '04bbc8fd-b00e-428d-8a76-158d03394bf7', 3, current_timestamp, current_timestamp);
insert into QuestionAnswer values('e21497a0-36b7-4afd-8a64-d94e631ae6a0', '112cc8ee-b996-4b19-9192-9e82b92aae94', '04bbc8fd-b00e-428d-8a76-158d03394bf7', 1, current_timestamp, current_timestamp);
insert into QuestionAnswer values('cc3468dd-7b3c-4c9e-96aa-c1129926e907', '60c4bebf-411f-456f-9eab-5afd98fde9c7', '04bbc8fd-b00e-428d-8a76-158d03394bf7', 3, current_timestamp, current_timestamp);
insert into QuestionAnswer values('f3ae4a17-e4d5-4605-9615-746d7226b7c3', 'c393d2b5-6e50-4d7a-ad40-e112851e0711', '04bbc8fd-b00e-428d-8a76-158d03394bf7', 1, current_timestamp, current_timestamp);
insert into QuestionAnswer values('2be5ec6f-bc6b-44e1-83d1-fae90283d543', '38630605-5c28-4b5c-b042-93c43bf23ebc', '04bbc8fd-b00e-428d-8a76-158d03394bf7', 1, current_timestamp, current_timestamp);
insert into QuestionAnswer values('739c5a75-b9a5-484a-bcdf-ae2d28cb74fd', 'cc721727-53e6-4b1c-9d85-c97c46b5422e', '04bbc8fd-b00e-428d-8a76-158d03394bf7', 3, current_timestamp, current_timestamp);
insert into QuestionAnswer values('ac60ce6f-efb3-4f33-a4ef-627221b37dc8', 'ccb39a89-f63e-4537-90cd-e3186178ae1f', '04bbc8fd-b00e-428d-8a76-158d03394bf7', 1, current_timestamp, current_timestamp);
insert into QuestionAnswer values('7bf11eef-5295-44a6-9926-f991964804c8', 'b34bfec1-ee6c-46bc-9d52-99e90b59fe12', '04bbc8fd-b00e-428d-8a76-158d03394bf7', 3, current_timestamp, current_timestamp);
insert into QuestionAnswer values('829b9851-bc6e-4312-8285-5ff5bd7cab1e', '6b7955fe-fb44-4b68-92b5-13aedcce4e76', '04bbc8fd-b00e-428d-8a76-158d03394bf7', 1, current_timestamp, current_timestamp);
insert into QuestionAnswer values('017fa158-f4d6-46a3-8732-cbe06cf0e48e', '204814c3-bf71-4b17-9727-c6d435976da6', '04bbc8fd-b00e-428d-8a76-158d03394bf7', 4, current_timestamp, current_timestamp);
insert into QuestionAnswer values('f7b3d9c3-c021-4e3a-81a0-0d6246236666', 'd118e4c3-08b7-4c8e-95de-81b8715b6f1d', '04bbc8fd-b00e-428d-8a76-158d03394bf7', 1, current_timestamp, current_timestamp);
insert into QuestionAnswer values('ba26fd14-6fef-4ef2-ac40-f659709c4d6b', 'db255fa3-e68a-47b3-9651-a7cc95b33689', '04bbc8fd-b00e-428d-8a76-158d03394bf7', 1, current_timestamp, current_timestamp);
insert into QuestionAnswer values('8fea2266-884a-47f0-8f3b-20defd2ab54c', '42b30d8f-b8eb-46be-93ee-446f2d1d2706', '04bbc8fd-b00e-428d-8a76-158d03394bf7', 3, current_timestamp, current_timestamp);
insert into QuestionAnswer values('44a551f1-ae86-4c65-aee4-852b0b374c07', '69126fb1-3e3f-4741-b6a4-91678103ccfe', '04bbc8fd-b00e-428d-8a76-158d03394bf7', 1, current_timestamp, current_timestamp);
insert into QuestionAnswer values('baf93892-9449-4e5d-8310-43b97887fdcd', 'a4f7f094-e1ff-4280-aa2f-33e17fb03d07', '04bbc8fd-b00e-428d-8a76-158d03394bf7', 0, current_timestamp, current_timestamp);
insert into QuestionAnswer values('09117217-47d5-456d-9d1d-cd1b0c944caa', '9f8b49e7-cd35-4115-8e2a-a4bc71ceab78', '04bbc8fd-b00e-428d-8a76-158d03394bf7', 1, current_timestamp, current_timestamp);
insert into QuestionAnswer values('a2199f17-b826-4402-8085-7acd6e454c1d', 'df70cc34-0233-4ed5-89f4-5864507b42a4', '04bbc8fd-b00e-428d-8a76-158d03394bf7', 3, current_timestamp, current_timestamp);
insert into QuestionAnswer values('9c3c0106-07a6-4c04-aaca-a568c9e10e68', '4b4b663a-bc9c-4eb4-ba80-f86adc0951f9', '04bbc8fd-b00e-428d-8a76-158d03394bf7', 4, current_timestamp, current_timestamp);
insert into QuestionAnswer values('6dfd3818-b663-48f2-aaef-a59d83c85cf3', '231e38c1-fb35-4262-9a80-ea7a4d0a00ba', '04bbc8fd-b00e-428d-8a76-158d03394bf7', 1, current_timestamp, current_timestamp);
insert into QuestionAnswer values('fe0a0134-e286-4e61-a8ee-e86d2f3bbe43', '57008dea-844d-44c7-8adc-6389295384c7', '04bbc8fd-b00e-428d-8a76-158d03394bf7', 1, current_timestamp, current_timestamp);
insert into QuestionAnswer values('8f8923af-2e27-4ab7-b030-8309af9d67e6', 'a214c6f9-029b-444d-82a0-8bc98a044a43', '04bbc8fd-b00e-428d-8a76-158d03394bf7', 4, current_timestamp, current_timestamp);
insert into QuestionAnswer values('5f6bef84-1b8c-42af-8e0f-3e3f81790f9f', '630e876e-62d7-498b-aae9-f8326e875369', '04bbc8fd-b00e-428d-8a76-158d03394bf7', 3, current_timestamp, current_timestamp);
insert into QuestionAnswer values('8fdb7c61-55af-4547-898c-349848c7afa0', '1521cd72-8dc2-463a-8cef-2c8c8166493b', '04bbc8fd-b00e-428d-8a76-158d03394bf7', 1, current_timestamp, current_timestamp);
insert into QuestionAnswer values('37c25077-63d8-47d0-9d16-8dccc36aa5bc', '4c411dfd-41e6-4c53-bb7b-37cc54c1c8e8', '04bbc8fd-b00e-428d-8a76-158d03394bf7', 3, current_timestamp, current_timestamp);
insert into QuestionAnswer values('f462cdac-a6c7-42ac-8a36-45cbb9990f62', '92bb831c-040f-4686-8acd-f42d8629ba7b', '04bbc8fd-b00e-428d-8a76-158d03394bf7', 3, current_timestamp, current_timestamp);
insert into QuestionAnswer values('631f7834-99c8-422a-8b91-8c80aff63a40', 'fe8d890a-abea-44fc-92fe-ba3678289387', '04bbc8fd-b00e-428d-8a76-158d03394bf7', 3, current_timestamp, current_timestamp);
insert into QuestionAnswer values('d02f362c-268f-4783-91a6-d5cc329add73', '4de87bed-0d07-419e-9991-32658cdb0a9d', '04bbc8fd-b00e-428d-8a76-158d03394bf7', 4, current_timestamp, current_timestamp);
insert into QuestionAnswer values('027bc138-f464-405e-812e-0b3ca5206dc9', '7570b82c-a85d-446c-9a92-5c0bb332a8a3', '04bbc8fd-b00e-428d-8a76-158d03394bf7', 1, current_timestamp, current_timestamp);
insert into QuestionAnswer values('7e603f60-b01b-4d73-904f-5af63da49b6a', 'b8b056d3-228d-4363-8f43-a1fed1da8695', '04bbc8fd-b00e-428d-8a76-158d03394bf7', 3, current_timestamp, current_timestamp);
insert into QuestionAnswer values('9ec122b6-f203-461b-b366-c00c50a7e950', '5a08407a-ba00-4be3-bbc6-c50dc256d8f5', '04bbc8fd-b00e-428d-8a76-158d03394bf7', 0, current_timestamp, current_timestamp);
insert into QuestionAnswer values('17cb0d2d-362b-4aa2-a6a3-a1b5aee76ee9', 'cac14782-c714-49d4-803d-6bdfb7fb8707', '04bbc8fd-b00e-428d-8a76-158d03394bf7', 3, current_timestamp, current_timestamp);
insert into QuestionAnswer values('123b940e-d8ed-4b14-a3f0-eec0b7c65eb7', '3d723b44-2db7-4730-af04-6007ae7d2178', '04bbc8fd-b00e-428d-8a76-158d03394bf7', 4, current_timestamp, current_timestamp);
insert into QuestionAnswer values('0fbac976-7efe-4fba-8f20-d96417427b1d', '9a4f51df-c428-4a18-9055-511e0ae7b6d8', '04bbc8fd-b00e-428d-8a76-158d03394bf7', 1, current_timestamp, current_timestamp);
insert into QuestionAnswer values('667834b7-19b1-4fe0-b02e-009ec7c1c4f5', 'fd1edc81-f470-4dbe-95cf-ea6ad5e85cf2', '04bbc8fd-b00e-428d-8a76-158d03394bf7', 1, current_timestamp, current_timestamp);
insert into QuestionAnswer values('e2636e3a-69ff-4260-9403-343b915c40eb', '6e2740d2-ef18-4564-b8c7-9f7214308f81', '04bbc8fd-b00e-428d-8a76-158d03394bf7', 4, current_timestamp, current_timestamp);
insert into QuestionAnswer values('ed5324b6-f49a-4aef-b1ec-e09c2fd84e4b', '926c446b-9db8-4b9c-a406-ed40dff69e34', '04bbc8fd-b00e-428d-8a76-158d03394bf7', 1, current_timestamp, current_timestamp);
insert into QuestionAnswer values('b8de3f70-c037-42ff-8a41-4e7606028198', 'eaa9530f-bb8c-453f-b634-c8599039e296', '04bbc8fd-b00e-428d-8a76-158d03394bf7', 4, current_timestamp, current_timestamp);
insert into QuestionAnswer values('1a5c9a25-fd53-4345-8788-fb6020dffb8a', 'bdc5f279-42bf-491c-b87a-409b3c7bff89', '04bbc8fd-b00e-428d-8a76-158d03394bf7', 4, current_timestamp, current_timestamp);

-- based on https://smartvote.ch/de/group/2/election/19_ch_nr/db/candidates/44200006185
insert into QuestionAnswer values('4640335a-3493-44b9-bf49-4a6ed66755d9', 'a335650d-06b4-4e92-ba77-d5f8964ceb82', '4d7b74e2-503c-42cc-b86c-2a7b1b28b093', 4, current_timestamp, current_timestamp);
insert into QuestionAnswer values('bff63c4b-f96b-46fc-95ab-b8d6ccb3795f', '46df8b49-923c-4f91-8362-5196efbb71e2', '4d7b74e2-503c-42cc-b86c-2a7b1b28b093', 4, current_timestamp, current_timestamp);
insert into QuestionAnswer values('ae56a742-7587-41fc-9289-3e5fdd70d609', '5f277258-ba7b-492c-b451-673eaa5957c0', '4d7b74e2-503c-42cc-b86c-2a7b1b28b093', 4, current_timestamp, current_timestamp);
insert into QuestionAnswer values('7e5af101-bf51-425b-9c77-22977be030c3', '007ebae0-31cb-40fb-93ad-c2f980caee14', '4d7b74e2-503c-42cc-b86c-2a7b1b28b093', 1, current_timestamp, current_timestamp);
insert into QuestionAnswer values('b93e3f4e-7d35-4d31-94e7-94d89d3fbe8f', '8ae0f13d-e699-4617-a4ba-672e6ccc0edc', '4d7b74e2-503c-42cc-b86c-2a7b1b28b093', 3, current_timestamp, current_timestamp);
insert into QuestionAnswer values('fad00bfa-eb15-40c1-b449-daccf8a8c200', 'dee756b8-f4f2-474a-88f4-e7f4fea7275a', '4d7b74e2-503c-42cc-b86c-2a7b1b28b093', 4, current_timestamp, current_timestamp);
insert into QuestionAnswer values('84ab0fd5-dfcf-4fee-b61e-aeca1d585176', 'b8ec593e-93b8-4bab-95dd-cfff5c526d54', '4d7b74e2-503c-42cc-b86c-2a7b1b28b093', 3, current_timestamp, current_timestamp);
insert into QuestionAnswer values('0c83a010-28c5-43c6-8181-5983f5770636', '6f9db124-e0ae-409d-b943-5be0cbc836e5', '4d7b74e2-503c-42cc-b86c-2a7b1b28b093', 4, current_timestamp, current_timestamp);
insert into QuestionAnswer values('7aa2575e-a3b1-48c4-ba98-ebcdd3976dbb', '616bf16a-470d-494e-ad8b-b230e80dafb3', '4d7b74e2-503c-42cc-b86c-2a7b1b28b093', 1, current_timestamp, current_timestamp);
insert into QuestionAnswer values('847287b3-94bc-4924-8599-8995618249a6', '6c05b44c-34de-48a4-8d3c-6015b268c456', '4d7b74e2-503c-42cc-b86c-2a7b1b28b093', 3, current_timestamp, current_timestamp);
insert into QuestionAnswer values('8db97337-3ddd-4b82-8029-37bb4664cdb3', '3ac4a61c-f510-4d59-84cc-e957dbeedd8e', '4d7b74e2-503c-42cc-b86c-2a7b1b28b093', 1, current_timestamp, current_timestamp);
insert into QuestionAnswer values('70a524a3-be5e-4553-85e8-27b4816af38f', 'f4f5632d-00ae-4be2-aff8-c83da3c21519', '4d7b74e2-503c-42cc-b86c-2a7b1b28b093', 4, current_timestamp, current_timestamp);
insert into QuestionAnswer values('61f560a0-b9a1-4856-81b7-c3f576a13115', '4917d24b-e50c-4fa9-ac12-37a0d298f41f', '4d7b74e2-503c-42cc-b86c-2a7b1b28b093', 4, current_timestamp, current_timestamp);
insert into QuestionAnswer values('96306c3e-5973-424f-8cbd-5bf5002ac995', 'aee92954-3fab-449d-bc56-7ec47df873cb', '4d7b74e2-503c-42cc-b86c-2a7b1b28b093', 3, current_timestamp, current_timestamp);
insert into QuestionAnswer values('90148568-8897-4c1d-86d7-415f85513a11', '19d57226-91df-4c5a-92f4-7b7d774ea8c4', '4d7b74e2-503c-42cc-b86c-2a7b1b28b093', 1, current_timestamp, current_timestamp);
insert into QuestionAnswer values('55d4685d-2217-4387-8d89-3e3dfe61119b', '81f2e7c9-6871-44e3-a432-b0fd050dd187', '4d7b74e2-503c-42cc-b86c-2a7b1b28b093', 4, current_timestamp, current_timestamp);
insert into QuestionAnswer values('c8aa96df-cfcc-42b3-9ce1-a770b5bd98a7', '377a4b78-e58a-4d13-875f-817cd1693ece', '4d7b74e2-503c-42cc-b86c-2a7b1b28b093', 0, current_timestamp, current_timestamp);
insert into QuestionAnswer values('6ad5f5f1-dd30-4891-9bea-d2945777758f', '54e790a7-9741-408e-9327-3377df0e9b6e', '4d7b74e2-503c-42cc-b86c-2a7b1b28b093', 4, current_timestamp, current_timestamp);
insert into QuestionAnswer values('1de90f2e-170a-4f82-b49e-1c5d297269b6', '5dce5233-88d5-4b52-94de-6465ace4be98', '4d7b74e2-503c-42cc-b86c-2a7b1b28b093', 3, current_timestamp, current_timestamp);
insert into QuestionAnswer values('cf7ae792-c982-4e59-83c4-5b5fc26b49a8', '63aa0cb7-202d-4c54-85ae-051e8249115d', '4d7b74e2-503c-42cc-b86c-2a7b1b28b093', 3, current_timestamp, current_timestamp);
insert into QuestionAnswer values('f63af593-3f15-4ac8-b051-06fe8930108d', 'fb59e236-0633-46ca-a8b5-c0d7596ee10e', '4d7b74e2-503c-42cc-b86c-2a7b1b28b093', 4, current_timestamp, current_timestamp);
insert into QuestionAnswer values('2e94e87a-9f25-412b-a5b7-eb00b53ed5ba', '154147b7-aff2-4ff1-89cf-fcd6616ca6d2', '4d7b74e2-503c-42cc-b86c-2a7b1b28b093', 1, current_timestamp, current_timestamp);
insert into QuestionAnswer values('680e601d-4974-41a4-bad9-978a88a75025', '6e8b2868-8094-46d3-95be-2397eb9d5237', '4d7b74e2-503c-42cc-b86c-2a7b1b28b093', 4, current_timestamp, current_timestamp);
insert into QuestionAnswer values('aeaf3f71-0a57-41d8-9f6b-48a2a2aac2fd', '112cc8ee-b996-4b19-9192-9e82b92aae94', '4d7b74e2-503c-42cc-b86c-2a7b1b28b093', 4, current_timestamp, current_timestamp);
insert into QuestionAnswer values('7e8aa1c0-bf3b-4439-b7e0-fcfbc2173fad', '60c4bebf-411f-456f-9eab-5afd98fde9c7', '4d7b74e2-503c-42cc-b86c-2a7b1b28b093', 4, current_timestamp, current_timestamp);
insert into QuestionAnswer values('73d78376-9e91-49bf-b544-95518d767ed4', 'c393d2b5-6e50-4d7a-ad40-e112851e0711', '4d7b74e2-503c-42cc-b86c-2a7b1b28b093', 1, current_timestamp, current_timestamp);
insert into QuestionAnswer values('9497ab21-6f59-4771-9dc6-faf585a4015a', '38630605-5c28-4b5c-b042-93c43bf23ebc', '4d7b74e2-503c-42cc-b86c-2a7b1b28b093', 3, current_timestamp, current_timestamp);
insert into QuestionAnswer values('e7f30592-6057-49de-a26a-b13ad67451a0', 'cc721727-53e6-4b1c-9d85-c97c46b5422e', '4d7b74e2-503c-42cc-b86c-2a7b1b28b093', 4, current_timestamp, current_timestamp);
insert into QuestionAnswer values('72e16102-4674-4327-af07-ef2eec3c4935', 'ccb39a89-f63e-4537-90cd-e3186178ae1f', '4d7b74e2-503c-42cc-b86c-2a7b1b28b093', 0, current_timestamp, current_timestamp);
insert into QuestionAnswer values('d16f9c64-e53a-496d-a05c-2b7d3fc3b3d0', 'b34bfec1-ee6c-46bc-9d52-99e90b59fe12', '4d7b74e2-503c-42cc-b86c-2a7b1b28b093', 3, current_timestamp, current_timestamp);
insert into QuestionAnswer values('93021470-f3ce-47a9-a01c-485c9e96a030', '6b7955fe-fb44-4b68-92b5-13aedcce4e76', '4d7b74e2-503c-42cc-b86c-2a7b1b28b093', 3, current_timestamp, current_timestamp);
insert into QuestionAnswer values('768cfcec-b71d-46b3-b70f-fbd85bea5483', '204814c3-bf71-4b17-9727-c6d435976da6', '4d7b74e2-503c-42cc-b86c-2a7b1b28b093', 4, current_timestamp, current_timestamp);
insert into QuestionAnswer values('2597fea6-1547-4ec4-b493-904547e9ff6b', 'd118e4c3-08b7-4c8e-95de-81b8715b6f1d', '4d7b74e2-503c-42cc-b86c-2a7b1b28b093', 3, current_timestamp, current_timestamp);
insert into QuestionAnswer values('1af249bb-96dd-46ce-a27c-961bf143cba7', 'db255fa3-e68a-47b3-9651-a7cc95b33689', '4d7b74e2-503c-42cc-b86c-2a7b1b28b093', 1, current_timestamp, current_timestamp);
insert into QuestionAnswer values('c579c052-7ab3-4d2e-9859-9d8576afc7b1', '42b30d8f-b8eb-46be-93ee-446f2d1d2706', '4d7b74e2-503c-42cc-b86c-2a7b1b28b093', 3, current_timestamp, current_timestamp);
insert into QuestionAnswer values('0bec541e-9bf7-4d8e-b732-dee12e6b75d9', '69126fb1-3e3f-4741-b6a4-91678103ccfe', '4d7b74e2-503c-42cc-b86c-2a7b1b28b093', 1, current_timestamp, current_timestamp);
insert into QuestionAnswer values('40f43d3f-9cbe-412a-b4fb-aff9cb7ad977', 'a4f7f094-e1ff-4280-aa2f-33e17fb03d07', '4d7b74e2-503c-42cc-b86c-2a7b1b28b093', 3, current_timestamp, current_timestamp);
insert into QuestionAnswer values('6dab369a-e479-4ae1-8d7d-7eac1ee3cf6d', '9f8b49e7-cd35-4115-8e2a-a4bc71ceab78', '4d7b74e2-503c-42cc-b86c-2a7b1b28b093', 1, current_timestamp, current_timestamp);
insert into QuestionAnswer values('85e70a0b-85c0-431d-af60-35b9224c3740', 'df70cc34-0233-4ed5-89f4-5864507b42a4', '4d7b74e2-503c-42cc-b86c-2a7b1b28b093', 4, current_timestamp, current_timestamp);
insert into QuestionAnswer values('8914e529-391d-439f-a821-c6478e5c4f59', '4b4b663a-bc9c-4eb4-ba80-f86adc0951f9', '4d7b74e2-503c-42cc-b86c-2a7b1b28b093', 4, current_timestamp, current_timestamp);
insert into QuestionAnswer values('4ef083af-6d04-450c-99cc-5ba41e403352', '231e38c1-fb35-4262-9a80-ea7a4d0a00ba', '4d7b74e2-503c-42cc-b86c-2a7b1b28b093', 3, current_timestamp, current_timestamp);
insert into QuestionAnswer values('419b460d-aecc-4ec3-9f9e-a4d177fafc10', '57008dea-844d-44c7-8adc-6389295384c7', '4d7b74e2-503c-42cc-b86c-2a7b1b28b093', 0, current_timestamp, current_timestamp);
insert into QuestionAnswer values('65dad1e9-36de-4a09-8ca4-16bdf0d5e7c8', 'a214c6f9-029b-444d-82a0-8bc98a044a43', '4d7b74e2-503c-42cc-b86c-2a7b1b28b093', 4, current_timestamp, current_timestamp);
insert into QuestionAnswer values('a273ba5b-a66a-4180-8e8a-1e148032863a', '630e876e-62d7-498b-aae9-f8326e875369', '4d7b74e2-503c-42cc-b86c-2a7b1b28b093', 0, current_timestamp, current_timestamp);
insert into QuestionAnswer values('3cc212d1-5f17-4bb7-9e0f-6e21cdf7f263', '1521cd72-8dc2-463a-8cef-2c8c8166493b', '4d7b74e2-503c-42cc-b86c-2a7b1b28b093', 0, current_timestamp, current_timestamp);
insert into QuestionAnswer values('61622434-2371-433e-b96c-2ea401bc5440', '4c411dfd-41e6-4c53-bb7b-37cc54c1c8e8', '4d7b74e2-503c-42cc-b86c-2a7b1b28b093', 4, current_timestamp, current_timestamp);
insert into QuestionAnswer values('41f89164-7805-454b-be13-7953832cf884', '92bb831c-040f-4686-8acd-f42d8629ba7b', '4d7b74e2-503c-42cc-b86c-2a7b1b28b093', 4, current_timestamp, current_timestamp);
insert into QuestionAnswer values('c41e08cb-ece1-45c1-a994-b980e0b0a4f3', 'fe8d890a-abea-44fc-92fe-ba3678289387', '4d7b74e2-503c-42cc-b86c-2a7b1b28b093', 3, current_timestamp, current_timestamp);
insert into QuestionAnswer values('5b794eff-7729-4d4f-a63e-304751cbc623', '4de87bed-0d07-419e-9991-32658cdb0a9d', '4d7b74e2-503c-42cc-b86c-2a7b1b28b093', 4, current_timestamp, current_timestamp);
insert into QuestionAnswer values('1e08a9db-edf9-4aaf-bda0-e0bec4296380', '7570b82c-a85d-446c-9a92-5c0bb332a8a3', '4d7b74e2-503c-42cc-b86c-2a7b1b28b093', 4, current_timestamp, current_timestamp);
insert into QuestionAnswer values('ba604326-cde2-4f50-9902-bf96915b5017', 'b8b056d3-228d-4363-8f43-a1fed1da8695', '4d7b74e2-503c-42cc-b86c-2a7b1b28b093', 4, current_timestamp, current_timestamp);
insert into QuestionAnswer values('2b716211-84e5-464e-b321-a4e461750b80', '5a08407a-ba00-4be3-bbc6-c50dc256d8f5', '4d7b74e2-503c-42cc-b86c-2a7b1b28b093', 1, current_timestamp, current_timestamp);
insert into QuestionAnswer values('22954bb0-9016-4852-b71c-765297a09f8a', 'cac14782-c714-49d4-803d-6bdfb7fb8707', '4d7b74e2-503c-42cc-b86c-2a7b1b28b093', 4, current_timestamp, current_timestamp);
insert into QuestionAnswer values('ec4d4372-9bf1-4e57-bb99-53b89105f234', '3d723b44-2db7-4730-af04-6007ae7d2178', '4d7b74e2-503c-42cc-b86c-2a7b1b28b093', 4, current_timestamp, current_timestamp);
insert into QuestionAnswer values('c814523e-ef23-46ca-9293-28d68c937309', '9a4f51df-c428-4a18-9055-511e0ae7b6d8', '4d7b74e2-503c-42cc-b86c-2a7b1b28b093', 0, current_timestamp, current_timestamp);
insert into QuestionAnswer values('f6604b97-735b-44d6-bc4f-a0c484ac5a34', 'fd1edc81-f470-4dbe-95cf-ea6ad5e85cf2', '4d7b74e2-503c-42cc-b86c-2a7b1b28b093', 0, current_timestamp, current_timestamp);
insert into QuestionAnswer values('13f3d291-2a31-413d-a50a-0bfc03f867ca', '6e2740d2-ef18-4564-b8c7-9f7214308f81', '4d7b74e2-503c-42cc-b86c-2a7b1b28b093', 4, current_timestamp, current_timestamp);
insert into QuestionAnswer values('2f795b6a-7f0a-4fe8-a119-b9e401d449f4', '926c446b-9db8-4b9c-a406-ed40dff69e34', '4d7b74e2-503c-42cc-b86c-2a7b1b28b093', 3, current_timestamp, current_timestamp);
insert into QuestionAnswer values('b7c1cd54-18da-4eac-9570-22cd91d6b2b8', 'eaa9530f-bb8c-453f-b634-c8599039e296', '4d7b74e2-503c-42cc-b86c-2a7b1b28b093', 4, current_timestamp, current_timestamp);
insert into QuestionAnswer values('8cb0e47d-307a-403f-b16c-47bc4d207e02', 'bdc5f279-42bf-491c-b87a-409b3c7bff89', '4d7b74e2-503c-42cc-b86c-2a7b1b28b093', 3, current_timestamp, current_timestamp);

-- based on https://smartvote.ch/de/group/2/election/19_ch_nr/db/candidates/44200003112
insert into QuestionAnswer values('b1af7f9e-80c2-498c-9c64-4f383a9c5b8a', 'a335650d-06b4-4e92-ba77-d5f8964ceb82', '840a8d98-56a5-4b79-b7db-019d60454b7d', 3, current_timestamp, current_timestamp);
insert into QuestionAnswer values('af1eba25-2c3e-41ce-abd9-23b91e2d8a60', '46df8b49-923c-4f91-8362-5196efbb71e2', '840a8d98-56a5-4b79-b7db-019d60454b7d', 3, current_timestamp, current_timestamp);
insert into QuestionAnswer values('b5d21fc5-75f4-4efe-b814-618d4522160c', '5f277258-ba7b-492c-b451-673eaa5957c0', '840a8d98-56a5-4b79-b7db-019d60454b7d', 4, current_timestamp, current_timestamp);
insert into QuestionAnswer values('eaf4710d-e35c-4286-bc97-f2d3a47aa055', '007ebae0-31cb-40fb-93ad-c2f980caee14', '840a8d98-56a5-4b79-b7db-019d60454b7d', 1, current_timestamp, current_timestamp);
insert into QuestionAnswer values('6abcfcc7-fbde-4371-abc8-54f5c9fc8cc9', '8ae0f13d-e699-4617-a4ba-672e6ccc0edc', '840a8d98-56a5-4b79-b7db-019d60454b7d', 1, current_timestamp, current_timestamp);
insert into QuestionAnswer values('62356211-eeb6-4de3-9070-d25867c9b76e', 'dee756b8-f4f2-474a-88f4-e7f4fea7275a', '840a8d98-56a5-4b79-b7db-019d60454b7d', 3, current_timestamp, current_timestamp);
insert into QuestionAnswer values('8432a2bc-6949-4326-8e99-16625dec7695', 'b8ec593e-93b8-4bab-95dd-cfff5c526d54', '840a8d98-56a5-4b79-b7db-019d60454b7d', 1, current_timestamp, current_timestamp);
insert into QuestionAnswer values('968cf41f-aeff-49cd-ad3c-91d14969cc4c', '6f9db124-e0ae-409d-b943-5be0cbc836e5', '840a8d98-56a5-4b79-b7db-019d60454b7d', 0, current_timestamp, current_timestamp);
insert into QuestionAnswer values('5c8c7643-0d7c-4c69-9667-07c255d65cea', '616bf16a-470d-494e-ad8b-b230e80dafb3', '840a8d98-56a5-4b79-b7db-019d60454b7d', 1, current_timestamp, current_timestamp);
insert into QuestionAnswer values('06b82d71-ef9a-4ed2-82a0-4f861913f20b', '6c05b44c-34de-48a4-8d3c-6015b268c456', '840a8d98-56a5-4b79-b7db-019d60454b7d', 3, current_timestamp, current_timestamp);
insert into QuestionAnswer values('a6994efb-050d-4ac9-983c-6d2b6a0e5fc6', '3ac4a61c-f510-4d59-84cc-e957dbeedd8e', '840a8d98-56a5-4b79-b7db-019d60454b7d', 1, current_timestamp, current_timestamp);
insert into QuestionAnswer values('ab3956a6-22c7-46df-9fac-a3c8ce8d56b2', 'f4f5632d-00ae-4be2-aff8-c83da3c21519', '840a8d98-56a5-4b79-b7db-019d60454b7d', 4, current_timestamp, current_timestamp);
insert into QuestionAnswer values('5bed9241-a7f8-40ea-9707-438b1d043598', '4917d24b-e50c-4fa9-ac12-37a0d298f41f', '840a8d98-56a5-4b79-b7db-019d60454b7d', 4, current_timestamp, current_timestamp);
insert into QuestionAnswer values('8383e9ec-52d3-4a25-bfd9-435d3fa3106a', 'aee92954-3fab-449d-bc56-7ec47df873cb', '840a8d98-56a5-4b79-b7db-019d60454b7d', 3, current_timestamp, current_timestamp);
insert into QuestionAnswer values('52973873-fcb2-4d39-84b9-236ee8e8ec87', '19d57226-91df-4c5a-92f4-7b7d774ea8c4', '840a8d98-56a5-4b79-b7db-019d60454b7d', 3, current_timestamp, current_timestamp);
insert into QuestionAnswer values('4c57be99-31a8-412b-b7c9-15f54a42269c', '81f2e7c9-6871-44e3-a432-b0fd050dd187', '840a8d98-56a5-4b79-b7db-019d60454b7d', 4, current_timestamp, current_timestamp);
insert into QuestionAnswer values('5610ffcd-2a0d-412b-89bb-02460a10e8e3', '377a4b78-e58a-4d13-875f-817cd1693ece', '840a8d98-56a5-4b79-b7db-019d60454b7d', 1, current_timestamp, current_timestamp);
insert into QuestionAnswer values('03ab8864-df20-4b11-ba20-3a386c7928ba', '54e790a7-9741-408e-9327-3377df0e9b6e', '840a8d98-56a5-4b79-b7db-019d60454b7d', 4, current_timestamp, current_timestamp);
insert into QuestionAnswer values('51b80a84-1230-4be3-ab99-e146bea35da9', '5dce5233-88d5-4b52-94de-6465ace4be98', '840a8d98-56a5-4b79-b7db-019d60454b7d', 0, current_timestamp, current_timestamp);
insert into QuestionAnswer values('e12501e5-6aed-4dc0-914e-44a8608406d8', '63aa0cb7-202d-4c54-85ae-051e8249115d', '840a8d98-56a5-4b79-b7db-019d60454b7d', 0, current_timestamp, current_timestamp);
insert into QuestionAnswer values('09eabb38-7731-485f-b0f7-d7ebb462a600', 'fb59e236-0633-46ca-a8b5-c0d7596ee10e', '840a8d98-56a5-4b79-b7db-019d60454b7d', 4, current_timestamp, current_timestamp);
insert into QuestionAnswer values('4d7119a1-9179-474c-82d2-7d825622e5d3', '154147b7-aff2-4ff1-89cf-fcd6616ca6d2', '840a8d98-56a5-4b79-b7db-019d60454b7d', 4, current_timestamp, current_timestamp);
insert into QuestionAnswer values('0acdf903-4b59-4788-ab68-c5da104b3e7e', '6e8b2868-8094-46d3-95be-2397eb9d5237', '840a8d98-56a5-4b79-b7db-019d60454b7d', 1, current_timestamp, current_timestamp);
insert into QuestionAnswer values('5dc40fff-f17d-47ab-8571-e24a34778676', '112cc8ee-b996-4b19-9192-9e82b92aae94', '840a8d98-56a5-4b79-b7db-019d60454b7d', 3, current_timestamp, current_timestamp);
insert into QuestionAnswer values('6e36ad26-5028-426b-9b1c-b9f0926cd04c', '60c4bebf-411f-456f-9eab-5afd98fde9c7', '840a8d98-56a5-4b79-b7db-019d60454b7d', 3, current_timestamp, current_timestamp);
insert into QuestionAnswer values('64609694-816b-44ab-a5d1-7fdd9756c4ca', 'c393d2b5-6e50-4d7a-ad40-e112851e0711', '840a8d98-56a5-4b79-b7db-019d60454b7d', 1, current_timestamp, current_timestamp);
insert into QuestionAnswer values('a610b85a-8758-43a6-bd93-120ba596746f', '38630605-5c28-4b5c-b042-93c43bf23ebc', '840a8d98-56a5-4b79-b7db-019d60454b7d', 0, current_timestamp, current_timestamp);
insert into QuestionAnswer values('80d09e19-423d-4672-8f16-37610d3fc4bd', 'cc721727-53e6-4b1c-9d85-c97c46b5422e', '840a8d98-56a5-4b79-b7db-019d60454b7d', 1, current_timestamp, current_timestamp);
insert into QuestionAnswer values('5909d6f0-bafe-4fb8-88e9-968d50878340', 'ccb39a89-f63e-4537-90cd-e3186178ae1f', '840a8d98-56a5-4b79-b7db-019d60454b7d', 4, current_timestamp, current_timestamp);
insert into QuestionAnswer values('e202f9d3-71f3-4a5d-8ed2-081ca26a7d36', 'b34bfec1-ee6c-46bc-9d52-99e90b59fe12', '840a8d98-56a5-4b79-b7db-019d60454b7d', 1, current_timestamp, current_timestamp);
insert into QuestionAnswer values('c27fe269-ebe5-489e-8ccf-9223754a46ca', '6b7955fe-fb44-4b68-92b5-13aedcce4e76', '840a8d98-56a5-4b79-b7db-019d60454b7d', 1, current_timestamp, current_timestamp);
insert into QuestionAnswer values('04e66659-8d9a-43fb-b9ba-97d282d2222b', '204814c3-bf71-4b17-9727-c6d435976da6', '840a8d98-56a5-4b79-b7db-019d60454b7d', 4, current_timestamp, current_timestamp);
insert into QuestionAnswer values('1eac988a-5154-4b70-9d80-65998e11aba4', 'd118e4c3-08b7-4c8e-95de-81b8715b6f1d', '840a8d98-56a5-4b79-b7db-019d60454b7d', 1, current_timestamp, current_timestamp);
insert into QuestionAnswer values('c386d058-8f84-4f23-9a69-171e089fd230', 'db255fa3-e68a-47b3-9651-a7cc95b33689', '840a8d98-56a5-4b79-b7db-019d60454b7d', 1, current_timestamp, current_timestamp);
insert into QuestionAnswer values('1f8d25c8-61f5-457f-b9e1-9928b2ea8a93', '42b30d8f-b8eb-46be-93ee-446f2d1d2706', '840a8d98-56a5-4b79-b7db-019d60454b7d', 3, current_timestamp, current_timestamp);
insert into QuestionAnswer values('d95b8d4f-173e-4bee-858c-e8c91f30b681', '69126fb1-3e3f-4741-b6a4-91678103ccfe', '840a8d98-56a5-4b79-b7db-019d60454b7d', 3, current_timestamp, current_timestamp);
insert into QuestionAnswer values('3ec32072-90bd-400e-90d2-b7db483111af', 'a4f7f094-e1ff-4280-aa2f-33e17fb03d07', '840a8d98-56a5-4b79-b7db-019d60454b7d', 1, current_timestamp, current_timestamp);
insert into QuestionAnswer values('b977dc81-8bad-4bf0-a198-dc77a56cfd13', '9f8b49e7-cd35-4115-8e2a-a4bc71ceab78', '840a8d98-56a5-4b79-b7db-019d60454b7d', 3, current_timestamp, current_timestamp);
insert into QuestionAnswer values('fe4247f1-f020-4ec3-ba40-9dc59d1382b5', 'df70cc34-0233-4ed5-89f4-5864507b42a4', '840a8d98-56a5-4b79-b7db-019d60454b7d', 1, current_timestamp, current_timestamp);
insert into QuestionAnswer values('0c964d24-bd9d-4f21-8b07-8fb0c0fb0746', '4b4b663a-bc9c-4eb4-ba80-f86adc0951f9', '840a8d98-56a5-4b79-b7db-019d60454b7d', 4, current_timestamp, current_timestamp);
insert into QuestionAnswer values('e126ace7-479a-44b8-bb59-b39272f29fea', '231e38c1-fb35-4262-9a80-ea7a4d0a00ba', '840a8d98-56a5-4b79-b7db-019d60454b7d', 1, current_timestamp, current_timestamp);
insert into QuestionAnswer values('49818d0d-4489-47c1-8cd3-df0420e6b60c', '57008dea-844d-44c7-8adc-6389295384c7', '840a8d98-56a5-4b79-b7db-019d60454b7d', 1, current_timestamp, current_timestamp);
insert into QuestionAnswer values('a8efacff-71fa-4a4f-8472-0224dfa86f06', 'a214c6f9-029b-444d-82a0-8bc98a044a43', '840a8d98-56a5-4b79-b7db-019d60454b7d', 4, current_timestamp, current_timestamp);
insert into QuestionAnswer values('1977c133-7da3-4bf8-9e0f-bf177bddf2c7', '630e876e-62d7-498b-aae9-f8326e875369', '840a8d98-56a5-4b79-b7db-019d60454b7d', 1, current_timestamp, current_timestamp);
insert into QuestionAnswer values('c3882eaa-0e12-4c85-9880-1e2ae0a082cb', '1521cd72-8dc2-463a-8cef-2c8c8166493b', '840a8d98-56a5-4b79-b7db-019d60454b7d', 1, current_timestamp, current_timestamp);
insert into QuestionAnswer values('3065547a-f161-4d5a-aa9c-7447c1a19520', '4c411dfd-41e6-4c53-bb7b-37cc54c1c8e8', '840a8d98-56a5-4b79-b7db-019d60454b7d', 3, current_timestamp, current_timestamp);
insert into QuestionAnswer values('7e6f383a-9081-4f7c-93e0-51ce2aa9ea39', '92bb831c-040f-4686-8acd-f42d8629ba7b', '840a8d98-56a5-4b79-b7db-019d60454b7d', 3, current_timestamp, current_timestamp);
insert into QuestionAnswer values('ae0ff76b-6615-43bb-85d5-a53f3b49c1bc', 'fe8d890a-abea-44fc-92fe-ba3678289387', '840a8d98-56a5-4b79-b7db-019d60454b7d', 3, current_timestamp, current_timestamp);
insert into QuestionAnswer values('465a9300-7607-4d4f-829e-f979fded50e5', '4de87bed-0d07-419e-9991-32658cdb0a9d', '840a8d98-56a5-4b79-b7db-019d60454b7d', 4, current_timestamp, current_timestamp);
insert into QuestionAnswer values('76e7bbd5-8b89-4b25-81b2-258115058156', '7570b82c-a85d-446c-9a92-5c0bb332a8a3', '840a8d98-56a5-4b79-b7db-019d60454b7d', 1, current_timestamp, current_timestamp);
insert into QuestionAnswer values('7a1a3505-1342-4824-91f1-be15067d5efb', 'b8b056d3-228d-4363-8f43-a1fed1da8695', '840a8d98-56a5-4b79-b7db-019d60454b7d', 4, current_timestamp, current_timestamp);
insert into QuestionAnswer values('24e92cc8-5100-4843-9d9f-6e240e755a95', '5a08407a-ba00-4be3-bbc6-c50dc256d8f5', '840a8d98-56a5-4b79-b7db-019d60454b7d', 1, current_timestamp, current_timestamp);
insert into QuestionAnswer values('937abf7a-3949-4918-bc99-3c10fbace504', 'cac14782-c714-49d4-803d-6bdfb7fb8707', '840a8d98-56a5-4b79-b7db-019d60454b7d', 4, current_timestamp, current_timestamp);
insert into QuestionAnswer values('0714a76c-57ad-4df6-9c60-9b2b6db49611', '3d723b44-2db7-4730-af04-6007ae7d2178', '840a8d98-56a5-4b79-b7db-019d60454b7d', 3, current_timestamp, current_timestamp);
insert into QuestionAnswer values('db6cdef0-4640-450b-810e-02f87c196ed1', '9a4f51df-c428-4a18-9055-511e0ae7b6d8', '840a8d98-56a5-4b79-b7db-019d60454b7d', 0, current_timestamp, current_timestamp);
insert into QuestionAnswer values('2655c574-b0a9-4dd4-b97b-88dc0795c8bf', 'fd1edc81-f470-4dbe-95cf-ea6ad5e85cf2', '840a8d98-56a5-4b79-b7db-019d60454b7d', 0, current_timestamp, current_timestamp);
insert into QuestionAnswer values('9af31f84-3d97-4115-96f4-900b96b260f3', '6e2740d2-ef18-4564-b8c7-9f7214308f81', '840a8d98-56a5-4b79-b7db-019d60454b7d', 4, current_timestamp, current_timestamp);
insert into QuestionAnswer values('551e5f8d-7986-497f-ab20-a920fcd91c2b', '926c446b-9db8-4b9c-a406-ed40dff69e34', '840a8d98-56a5-4b79-b7db-019d60454b7d', 0, current_timestamp, current_timestamp);
insert into QuestionAnswer values('38a6bd2e-56ac-48b9-a968-09777b952488', 'eaa9530f-bb8c-453f-b634-c8599039e296', '840a8d98-56a5-4b79-b7db-019d60454b7d', 1, current_timestamp, current_timestamp);
insert into QuestionAnswer values('7602acd1-15b8-4103-bc14-20e663316d2d', 'bdc5f279-42bf-491c-b87a-409b3c7bff89', '840a8d98-56a5-4b79-b7db-019d60454b7d', 4, current_timestamp, current_timestamp);

-- based on https://smartvote.ch/de/group/2/election/19_ch_nr/db/candidates/44200003850
insert into QuestionAnswer values('1c7a6e44-53bb-49e3-a96b-57ddc22a31fd', 'a335650d-06b4-4e92-ba77-d5f8964ceb82', '47f1e554-bf38-4a6e-a31d-023b57d35eaa', 0, current_timestamp, current_timestamp);
insert into QuestionAnswer values('f139271e-0de0-45a6-a091-def8c91ceb6c', '46df8b49-923c-4f91-8362-5196efbb71e2', '47f1e554-bf38-4a6e-a31d-023b57d35eaa', 3, current_timestamp, current_timestamp);
insert into QuestionAnswer values('9bdfea91-78d5-4824-9752-14015db811e0', '5f277258-ba7b-492c-b451-673eaa5957c0', '47f1e554-bf38-4a6e-a31d-023b57d35eaa', 4, current_timestamp, current_timestamp);
insert into QuestionAnswer values('3ced3d88-250e-40e7-9fd3-008a75ec753a', '007ebae0-31cb-40fb-93ad-c2f980caee14', '47f1e554-bf38-4a6e-a31d-023b57d35eaa', 1, current_timestamp, current_timestamp);
insert into QuestionAnswer values('9f237422-05d3-4a12-8795-f6da3ea1aff8', '8ae0f13d-e699-4617-a4ba-672e6ccc0edc', '47f1e554-bf38-4a6e-a31d-023b57d35eaa', 1, current_timestamp, current_timestamp);
insert into QuestionAnswer values('c460377e-8ac4-4caf-8032-42650b02d62d', 'dee756b8-f4f2-474a-88f4-e7f4fea7275a', '47f1e554-bf38-4a6e-a31d-023b57d35eaa', 4, current_timestamp, current_timestamp);
insert into QuestionAnswer values('2901fb6a-7972-453c-a9f3-16d825ce4339', 'b8ec593e-93b8-4bab-95dd-cfff5c526d54', '47f1e554-bf38-4a6e-a31d-023b57d35eaa', 1, current_timestamp, current_timestamp);
insert into QuestionAnswer values('4c2e2a0d-2d55-4933-85c9-8106560f816d', '6f9db124-e0ae-409d-b943-5be0cbc836e5', '47f1e554-bf38-4a6e-a31d-023b57d35eaa', 1, current_timestamp, current_timestamp);
insert into QuestionAnswer values('dc0633ec-5909-40db-af02-bda90ec22f8b', '616bf16a-470d-494e-ad8b-b230e80dafb3', '47f1e554-bf38-4a6e-a31d-023b57d35eaa', 1, current_timestamp, current_timestamp);
insert into QuestionAnswer values('5d7904e5-c476-417a-a585-9a090f856950', '6c05b44c-34de-48a4-8d3c-6015b268c456', '47f1e554-bf38-4a6e-a31d-023b57d35eaa', 3, current_timestamp, current_timestamp);
insert into QuestionAnswer values('2603f1a8-b71e-413a-a2ef-ce608a0bf4b1', '3ac4a61c-f510-4d59-84cc-e957dbeedd8e', '47f1e554-bf38-4a6e-a31d-023b57d35eaa', 1, current_timestamp, current_timestamp);
insert into QuestionAnswer values('faa2b4a5-e652-4803-be5c-f2996965b6b3', 'f4f5632d-00ae-4be2-aff8-c83da3c21519', '47f1e554-bf38-4a6e-a31d-023b57d35eaa', 3, current_timestamp, current_timestamp);
insert into QuestionAnswer values('0cb5b9a7-1d17-4b64-9110-026ca6e958e5', '4917d24b-e50c-4fa9-ac12-37a0d298f41f', '47f1e554-bf38-4a6e-a31d-023b57d35eaa', 4, current_timestamp, current_timestamp);
insert into QuestionAnswer values('17bce154-3651-4e3b-a5c0-d3bb5f3ea149', 'aee92954-3fab-449d-bc56-7ec47df873cb', '47f1e554-bf38-4a6e-a31d-023b57d35eaa', 0, current_timestamp, current_timestamp);
insert into QuestionAnswer values('fa929b2c-19c4-4d39-b144-6b10240fc1fc', '19d57226-91df-4c5a-92f4-7b7d774ea8c4', '47f1e554-bf38-4a6e-a31d-023b57d35eaa', 1, current_timestamp, current_timestamp);
insert into QuestionAnswer values('9ff2f820-61aa-444c-9dac-9d4debd2c8f1', '81f2e7c9-6871-44e3-a432-b0fd050dd187', '47f1e554-bf38-4a6e-a31d-023b57d35eaa', 4, current_timestamp, current_timestamp);
insert into QuestionAnswer values('f0c385de-a905-4704-bc68-8ebf896ffa27', '377a4b78-e58a-4d13-875f-817cd1693ece', '47f1e554-bf38-4a6e-a31d-023b57d35eaa', 1, current_timestamp, current_timestamp);
insert into QuestionAnswer values('19439c00-22cf-4cfc-80d0-76ab98d6d101', '54e790a7-9741-408e-9327-3377df0e9b6e', '47f1e554-bf38-4a6e-a31d-023b57d35eaa', 4, current_timestamp, current_timestamp);
insert into QuestionAnswer values('a5aed1b1-0ccf-44f7-a104-372664f9f023', '5dce5233-88d5-4b52-94de-6465ace4be98', '47f1e554-bf38-4a6e-a31d-023b57d35eaa', 1, current_timestamp, current_timestamp);
insert into QuestionAnswer values('a9652daf-1d3e-4bc6-a1be-f79bc3e4eddc', '63aa0cb7-202d-4c54-85ae-051e8249115d', '47f1e554-bf38-4a6e-a31d-023b57d35eaa', 3, current_timestamp, current_timestamp);
insert into QuestionAnswer values('5f5fac37-0832-4d2d-9ce8-a69265b35e9a', 'fb59e236-0633-46ca-a8b5-c0d7596ee10e', '47f1e554-bf38-4a6e-a31d-023b57d35eaa', 4, current_timestamp, current_timestamp);
insert into QuestionAnswer values('52d23d32-65e6-4f75-a55e-2351b8e7308d', '154147b7-aff2-4ff1-89cf-fcd6616ca6d2', '47f1e554-bf38-4a6e-a31d-023b57d35eaa', 3, current_timestamp, current_timestamp);
insert into QuestionAnswer values('d63f324b-5f1d-41a3-86a8-3992ef1d634c', '6e8b2868-8094-46d3-95be-2397eb9d5237', '47f1e554-bf38-4a6e-a31d-023b57d35eaa', 1, current_timestamp, current_timestamp);
insert into QuestionAnswer values('c72be00c-973d-45c3-bf9e-f4f2eb936d3f', '112cc8ee-b996-4b19-9192-9e82b92aae94', '47f1e554-bf38-4a6e-a31d-023b57d35eaa', 4, current_timestamp, current_timestamp);
insert into QuestionAnswer values('57ae8b31-be8f-47a9-a543-22b085eaa978', '60c4bebf-411f-456f-9eab-5afd98fde9c7', '47f1e554-bf38-4a6e-a31d-023b57d35eaa', 3, current_timestamp, current_timestamp);
insert into QuestionAnswer values('aa423f76-42bc-4377-a8d6-17cd7f3f40ff', 'c393d2b5-6e50-4d7a-ad40-e112851e0711', '47f1e554-bf38-4a6e-a31d-023b57d35eaa', 1, current_timestamp, current_timestamp);
insert into QuestionAnswer values('3ecbf343-47af-49ca-99d4-e5a2eee381b2', '38630605-5c28-4b5c-b042-93c43bf23ebc', '47f1e554-bf38-4a6e-a31d-023b57d35eaa', 1, current_timestamp, current_timestamp);
insert into QuestionAnswer values('12a7f96c-640b-4d14-b022-7b99aac64611', 'cc721727-53e6-4b1c-9d85-c97c46b5422e', '47f1e554-bf38-4a6e-a31d-023b57d35eaa', 4, current_timestamp, current_timestamp);
insert into QuestionAnswer values('12ea2fbb-3ebc-418d-b22f-943bd63b05f3', 'ccb39a89-f63e-4537-90cd-e3186178ae1f', '47f1e554-bf38-4a6e-a31d-023b57d35eaa', 3, current_timestamp, current_timestamp);
insert into QuestionAnswer values('4642de65-40a6-4f7b-9a57-c66c6d858837', 'b34bfec1-ee6c-46bc-9d52-99e90b59fe12', '47f1e554-bf38-4a6e-a31d-023b57d35eaa', 4, current_timestamp, current_timestamp);
insert into QuestionAnswer values('69a74512-6ae9-4138-b2b2-975e3a3990e3', '6b7955fe-fb44-4b68-92b5-13aedcce4e76', '47f1e554-bf38-4a6e-a31d-023b57d35eaa', 0, current_timestamp, current_timestamp);
insert into QuestionAnswer values('9cb25661-3e39-4e70-9439-70b0f2f391de', '204814c3-bf71-4b17-9727-c6d435976da6', '47f1e554-bf38-4a6e-a31d-023b57d35eaa', 4, current_timestamp, current_timestamp);
insert into QuestionAnswer values('831ccfee-88db-4491-a61d-eb15c7601e97', 'd118e4c3-08b7-4c8e-95de-81b8715b6f1d', '47f1e554-bf38-4a6e-a31d-023b57d35eaa', 3, current_timestamp, current_timestamp);
insert into QuestionAnswer values('d6e143b1-36da-4be5-ad5b-37b764721554', 'db255fa3-e68a-47b3-9651-a7cc95b33689', '47f1e554-bf38-4a6e-a31d-023b57d35eaa', 1, current_timestamp, current_timestamp);
insert into QuestionAnswer values('2d0dc141-e8ba-4503-b0d4-b00247f04a3d', '42b30d8f-b8eb-46be-93ee-446f2d1d2706', '47f1e554-bf38-4a6e-a31d-023b57d35eaa', 1, current_timestamp, current_timestamp);
insert into QuestionAnswer values('b586bde4-95a9-4abf-ac81-9fe54d1a5624', '69126fb1-3e3f-4741-b6a4-91678103ccfe', '47f1e554-bf38-4a6e-a31d-023b57d35eaa', 0, current_timestamp, current_timestamp);
insert into QuestionAnswer values('923b5c04-98b7-49a5-9524-9786bb17e127', 'a4f7f094-e1ff-4280-aa2f-33e17fb03d07', '47f1e554-bf38-4a6e-a31d-023b57d35eaa', 4, current_timestamp, current_timestamp);
insert into QuestionAnswer values('ccc48321-8f3e-40e1-ba3e-98cb6a0f671d', '9f8b49e7-cd35-4115-8e2a-a4bc71ceab78', '47f1e554-bf38-4a6e-a31d-023b57d35eaa', 3, current_timestamp, current_timestamp);
insert into QuestionAnswer values('9040e21b-b7ff-4971-b673-3322d7345891', 'df70cc34-0233-4ed5-89f4-5864507b42a4', '47f1e554-bf38-4a6e-a31d-023b57d35eaa', 3, current_timestamp, current_timestamp);
insert into QuestionAnswer values('2157e8f6-ca7f-4c40-ada1-c0cab0a4c0c4', '4b4b663a-bc9c-4eb4-ba80-f86adc0951f9', '47f1e554-bf38-4a6e-a31d-023b57d35eaa', 3, current_timestamp, current_timestamp);
insert into QuestionAnswer values('2557d7d7-2cea-444d-95cf-bdabfccf4973', '231e38c1-fb35-4262-9a80-ea7a4d0a00ba', '47f1e554-bf38-4a6e-a31d-023b57d35eaa', 1, current_timestamp, current_timestamp);
insert into QuestionAnswer values('8f61b2fc-d3f0-4c07-8032-a3b409f9f7f7', '57008dea-844d-44c7-8adc-6389295384c7', '47f1e554-bf38-4a6e-a31d-023b57d35eaa', 0, current_timestamp, current_timestamp);
insert into QuestionAnswer values('a335aa2f-217d-44a5-a154-910ddaf7eb52', 'a214c6f9-029b-444d-82a0-8bc98a044a43', '47f1e554-bf38-4a6e-a31d-023b57d35eaa', 3, current_timestamp, current_timestamp);
insert into QuestionAnswer values('80ba8f2a-215e-4df9-892e-e3e9b07ab5eb', '630e876e-62d7-498b-aae9-f8326e875369', '47f1e554-bf38-4a6e-a31d-023b57d35eaa', 0, current_timestamp, current_timestamp);
insert into QuestionAnswer values('60b6394d-0064-438d-8be6-85e31961c21a', '1521cd72-8dc2-463a-8cef-2c8c8166493b', '47f1e554-bf38-4a6e-a31d-023b57d35eaa', 0, current_timestamp, current_timestamp);
insert into QuestionAnswer values('342fbb00-38c9-4236-aa77-3958fd7f1bf9', '4c411dfd-41e6-4c53-bb7b-37cc54c1c8e8', '47f1e554-bf38-4a6e-a31d-023b57d35eaa', 4, current_timestamp, current_timestamp);
insert into QuestionAnswer values('b7bec97b-c4cd-4c43-be10-c671118b160d', '92bb831c-040f-4686-8acd-f42d8629ba7b', '47f1e554-bf38-4a6e-a31d-023b57d35eaa', 3, current_timestamp, current_timestamp);
insert into QuestionAnswer values('31093f8f-ecc1-446f-9c32-de8dea28e55a', 'fe8d890a-abea-44fc-92fe-ba3678289387', '47f1e554-bf38-4a6e-a31d-023b57d35eaa', 4, current_timestamp, current_timestamp);
insert into QuestionAnswer values('33c6167e-0ce9-4b7f-9d1e-52e3da24abaa', '4de87bed-0d07-419e-9991-32658cdb0a9d', '47f1e554-bf38-4a6e-a31d-023b57d35eaa', 4, current_timestamp, current_timestamp);
insert into QuestionAnswer values('04ac1c00-9ab9-4a52-8460-8b0a6c0c01d7', '7570b82c-a85d-446c-9a92-5c0bb332a8a3', '47f1e554-bf38-4a6e-a31d-023b57d35eaa', 4, current_timestamp, current_timestamp);
insert into QuestionAnswer values('0dd14941-1380-415c-9395-6dfc913cd83a', 'b8b056d3-228d-4363-8f43-a1fed1da8695', '47f1e554-bf38-4a6e-a31d-023b57d35eaa', 4, current_timestamp, current_timestamp);
insert into QuestionAnswer values('1a5c9818-9688-4b4b-948d-a1a8ad584710', '5a08407a-ba00-4be3-bbc6-c50dc256d8f5', '47f1e554-bf38-4a6e-a31d-023b57d35eaa', 3, current_timestamp, current_timestamp);
insert into QuestionAnswer values('f474d50f-d8a1-4b13-838f-7f84b2edc09f', 'cac14782-c714-49d4-803d-6bdfb7fb8707', '47f1e554-bf38-4a6e-a31d-023b57d35eaa', 4, current_timestamp, current_timestamp);
insert into QuestionAnswer values('a7bcaa79-c3ff-4001-a7b9-f9c749e774a7', '3d723b44-2db7-4730-af04-6007ae7d2178', '47f1e554-bf38-4a6e-a31d-023b57d35eaa', 3, current_timestamp, current_timestamp);
insert into QuestionAnswer values('394eb5fc-3bce-4594-b06a-a2828efacfbf', '9a4f51df-c428-4a18-9055-511e0ae7b6d8', '47f1e554-bf38-4a6e-a31d-023b57d35eaa', 0, current_timestamp, current_timestamp);
insert into QuestionAnswer values('abdd8408-f70a-4c88-8fdd-060361f5913b', 'fd1edc81-f470-4dbe-95cf-ea6ad5e85cf2', '47f1e554-bf38-4a6e-a31d-023b57d35eaa', 0, current_timestamp, current_timestamp);
insert into QuestionAnswer values('b92dcb06-5c07-4659-a9e7-2240ffd6c1a4', '6e2740d2-ef18-4564-b8c7-9f7214308f81', '47f1e554-bf38-4a6e-a31d-023b57d35eaa', 4, current_timestamp, current_timestamp);
insert into QuestionAnswer values('e9f764a8-c23a-49a8-b973-f67411e663d1', '926c446b-9db8-4b9c-a406-ed40dff69e34', '47f1e554-bf38-4a6e-a31d-023b57d35eaa', 1, current_timestamp, current_timestamp);
insert into QuestionAnswer values('08d2f445-68ce-409f-8985-871c67941cb9', 'eaa9530f-bb8c-453f-b634-c8599039e296', '47f1e554-bf38-4a6e-a31d-023b57d35eaa', 3, current_timestamp, current_timestamp);
insert into QuestionAnswer values('b5b7ca15-eb7e-4786-b1df-740b0173bca0', 'bdc5f279-42bf-491c-b87a-409b3c7bff89', '47f1e554-bf38-4a6e-a31d-023b57d35eaa', 4, current_timestamp, current_timestamp);

-- Medienbeiträge

insert into MediaCoverage values('c72c5322-990c-452d-a1a1-ff1996ef6e80', 'bb1d763b-ca76-4ac5-81ef-a98d4f34e669', 'Skandal im Bundeshaus?', 'War Gretchen Gertraud verwickelt im letzten Skandal im Bundeshaus?', 'https://www.blick.ch/schweiz/bundesrat-plant-lockerungen-svp-will-noch-schneller-oeffnen-id16525651.html', '2021-05-16', current_timestamp, current_timestamp);
insert into MediaCoverage values('42c681b2-3935-41e8-8e3d-f809854874e2', '7d712000-ffc9-4703-a308-7aca6bb00554', 'Skandal im Bundeshaus?', 'War Caroline Gunda verwickelt im letzten Skandal im Bundeshaus?', 'https://www.20min.ch/story/sp-nationalraetin-will-suessigkeiten-an-supermarkt-kassen-verbieten-939292758252', '2021-05-16', current_timestamp, current_timestamp);
insert into MediaCoverage values('b1bd4b3d-3e4b-4926-83c4-cc2acc00e94d', 'e868ccc3-50eb-4d54-a8f2-dec07b1c9f03', 'Ein Titel', 'Das ist die Beschreibung dieses Medienartikels.', 'https://www.20min.ch/', '2021-05-16', current_timestamp, current_timestamp);
insert into MediaCoverage values('6742531f-d3e1-4dca-bdde-9ae11c2cf4fb', 'e868ccc3-50eb-4d54-a8f2-dec07b1c9f03', 'Der Titel', 'Das ist die Beschreibung dieses Medienartikels.', 'https://www.20min.ch/', '2021-03-12', current_timestamp, current_timestamp);
insert into MediaCoverage values('692b26cb-6e40-4db5-8aa3-9b12290d40d0', '6f4467de-61c7-4da4-8437-81fd94f8caea', 'Ein Titel', 'Das ist die Beschreibung dieses Medienartikels.', 'https://www.20min.ch/', '2021-03-11', current_timestamp, current_timestamp);
insert into MediaCoverage values('5ab91833-a2b3-4ea9-ac11-bab7e2167d35', 'c3860bfb-0975-4a07-941e-7ce550250b55', 'Ein Titel', 'Das ist die Beschreibung dieses Medienartikels.', 'https://www.20min.ch/', '2021-05-16', current_timestamp, current_timestamp);
insert into MediaCoverage values('718682f4-9c1c-494b-b41a-4a5519fd5e98', 'a044da59-0467-4dea-8e30-e0dee2b053a5', 'Der Titel', 'Das ist die Beschreibung dieses Medienartikels.', 'https://www.20min.ch/', '2021-03-12', current_timestamp, current_timestamp);
insert into MediaCoverage values('fa2d3429-8c65-4f7a-ba48-bf8e127faaf7', '04bbc8fd-b00e-428d-8a76-158d03394bf7', 'Ein Titel', 'Das ist die Beschreibung dieses Medienartikels.', 'https://www.20min.ch/', '2021-03-11', current_timestamp, current_timestamp);
insert into MediaCoverage values('644cd06c-e284-42cd-afe0-4a9913fc0d0b', '5bcc77e3-86a1-47b8-82c4-75443b5023c2', 'Ein Titel', 'Das ist die Beschreibung dieses Medienartikels.', 'https://www.20min.ch/', '2021-05-16', current_timestamp, current_timestamp);
insert into MediaCoverage values('3cfd31f9-d5e6-4118-aebd-877838896d2a', '621767cc-f8fb-4947-8e27-a3ec8512ddc6', 'Der Titel', 'Das ist die Beschreibung dieses Medienartikels.', 'https://www.20min.ch/', '2021-03-12', current_timestamp, current_timestamp);
insert into MediaCoverage values('8a9e6fef-fd8d-4840-9c99-f6ec37fecffa', '9017a1c3-6d81-4393-8b8c-5f68fd78f6fc', 'Ein Titel', 'Das ist die Beschreibung dieses Medienartikels.', 'https://www.20min.ch/', '2021-03-11', current_timestamp, current_timestamp);
insert into MediaCoverage values('295f0e05-5c9e-4e5d-bf3e-e7470bf91e93', 'a882f183-0c6e-41a2-8745-ba9f570ecf8b', 'Ein Titel', 'Das ist die Beschreibung dieses Medienartikels.', 'https://www.20min.ch/', '2021-05-16', current_timestamp, current_timestamp);
insert into MediaCoverage values('08838d5e-1ad9-4b8e-8e36-dcdfe6948373', 'aed41ae7-e8d9-4944-aee1-ae138623bdd7', 'Der Titel', 'Das ist die Beschreibung dieses Medienartikels.', 'https://www.20min.ch/', '2021-03-12', current_timestamp, current_timestamp);
insert into MediaCoverage values('f51c7429-95c6-4fc9-a8d5-7c0b5ab3daad', '2eb55491-aa91-47ed-9f68-42836101c334', 'Ein Titel', 'Das ist die Beschreibung dieses Medienartikels.', 'https://www.20min.ch/', '2021-03-11', current_timestamp, current_timestamp);